PassengerId,Survived,Pclass,Name,Sex,Age,SibSp,Parch,Ticket,Fare,Embarked,Has_Cabin,FamilySize,IsAlone,AgeGroup,FareGroup,Title
1,0,3,"Passenger_1, Mr/Mrs. John",male,41.0,1,0,A/5 16749,30.64766764199713,S,0,2,0,Middle-aged,High,Rare
2,0,3,"Passenger_2, Mr/Mrs. John",male,13.0,2,0,A/5 56531,21.103279628338083,S,0,3,0,Teenager,Medium,Rare
3,1,2,"Passenger_3, Mr/Mrs. John",female,41.0,0,0,A/5 30608,15.834576922916895,Q,0,1,1,Middle-aged,Medium,Rare
4,0,3,"Passenger_4, Mr/Mrs. John",female,41.0,0,2,A/5 90986,76.72266538665829,S,0,3,0,Middle-aged,Very High,Rare
5,1,1,"Passenger_5, Mr/Mrs. John",male,44.0,0,0,A/5 79211,0.9458016250704478,C,0,1,1,Middle-aged,Low,Rare
6,0,2,"Passenger_6, Mr/Mrs. John",male,41.0,1,2,A/5 93996,46.90573118011171,S,0,4,0,Middle-aged,Very High,Rare
7,1,3,"Passenger_7, Mr/Mrs. John",male,13.0,1,1,A/5 66017,74.29969563250063,S,0,3,0,Teenager,Very High,Rare
8,0,1,"Passenger_8, Mr/Mrs. John",male,24.0,0,0,A/5 67676,18.9193866309378,C,0,1,1,Adult,Medium,Rare
9,1,1,"Passenger_9, Mr/Mrs. John",male,14.0,0,0,A/5 21560,25.60138560462485,Q,0,1,1,Teenager,High,Rare
10,1,1,"Passenger_10, Mr/Mrs. John",female,25.0,1,0,A/5 64401,92.502982392861,Q,1,2,0,Adult,Very High,Rare
11,1,1,"Passenger_11, Mr/Mrs. John",male,17.0,0,0,A/5 60468,7.635501693162346,C,1,1,1,Teenager,Low,Rare
12,0,1,"Passenger_12, Mr/Mrs. John",female,24.0,0,0,A/5 42463,23.496004717887864,Q,0,1,1,Adult,High,Rare
13,1,3,"Passenger_13, Mr/Mrs. John",male,25.0,0,0,A/5 41663,20.602431071924148,S,0,1,1,Adult,Medium,Rare
14,0,2,"Passenger_14, Mr/Mrs. John",male,60.0,0,0,A/5 78706,9.565931228951303,S,0,1,1,Middle-aged,Low,Rare
15,0,3,"Passenger_15, Mr/Mrs. John",female,65.0,1,0,A/5 68773,54.62442954292244,S,0,2,0,Senior,Very High,Rare
16,0,3,"Passenger_16, Mr/Mrs. John",male,28.0,2,0,A/5 43123,73.55516786171734,S,0,3,0,Adult,Very High,Rare
17,0,2,"Passenger_17, Mr/Mrs. John",male,58.0,0,0,A/5 19718,48.73443190334951,S,0,1,1,Middle-aged,Very High,Rare
18,0,2,"Passenger_18, Mr/Mrs. John",male,53.0,0,1,A/5 72637,6.955488483535362,S,0,2,0,Middle-aged,Low,Rare
19,1,2,"Passenger_19, Mr/Mrs. John",female,41.0,0,0,A/5 10028,2.903811814238325,S,0,1,1,Middle-aged,Low,Rare
20,1,3,"Passenger_20, Mr/Mrs. John",female,34.0,0,0,A/5 72370,29.75985366198753,Q,1,1,1,Adult,High,Rare
21,0,2,"Passenger_21, Mr/Mrs. John",male,41.0,0,0,A/5 57599,1.88126367179372,C,0,1,1,Middle-aged,Low,Rare
22,0,3,"Passenger_22, Mr/Mrs. John",male,25.0,0,0,A/5 27397,35.75240956460333,S,0,1,1,Adult,High,Rare
23,0,2,"Passenger_23, Mr/Mrs. John",male,58.0,0,0,A/5 55406,24.18961882574136,S,0,1,1,Middle-aged,High,Rare
24,0,3,"Passenger_24, Mr/Mrs. John",female,57.0,0,0,A/5 57657,34.78517576920539,S,1,1,1,Middle-aged,High,Rare
25,1,2,"Passenger_25, Mr/Mrs. John",female,16.0,0,0,A/5 77560,28.54447126879127,S,1,1,1,Teenager,High,Rare
26,1,2,"Passenger_26, Mr/Mrs. John",male,77.0,0,0,A/5 23503,17.58072537165783,S,0,1,1,Senior,Medium,Rare
27,0,3,"Passenger_27, Mr/Mrs. John",male,51.0,0,2,A/5 64943,7.175700097861665,S,0,3,0,Middle-aged,Low,Rare
28,0,3,"Passenger_28, Mr/Mrs. John",male,41.0,0,2,A/5 85839,11.675334765907056,S,0,3,0,Middle-aged,Medium,Rare
29,1,1,"Passenger_29, Mr/Mrs. John",female,72.0,3,0,A/5 92674,23.78846734746584,S,0,4,0,Senior,High,Rare
30,0,3,"Passenger_30, Mr/Mrs. John",female,59.0,0,0,A/5 35345,33.76556255306033,S,0,1,1,Middle-aged,High,Rare
31,0,3,"Passenger_31, Mr/Mrs. John",male,67.0,0,0,A/5 60390,48.37697811613928,C,0,1,1,Senior,Very High,Rare
32,1,3,"Passenger_32, Mr/Mrs. John",male,29.0,1,0,A/5 69557,46.63839331764772,C,0,2,0,Adult,Very High,Rare
33,0,3,"Passenger_33, Mr/Mrs. John",male,28.0,5,0,A/5 75054,115.21460246460992,C,0,6,0,Adult,Very High,Rare
34,1,2,"Passenger_34, Mr/Mrs. John",female,44.0,0,0,A/5 11906,10.772808979163983,S,0,1,1,Middle-aged,Medium,Rare
35,0,1,"Passenger_35, Mr/Mrs. John",male,41.0,1,2,A/5 50167,2.360502927942009,S,0,4,0,Middle-aged,Low,Rare
36,1,2,"Passenger_36, Mr/Mrs. John",female,9.0,0,0,A/5 17961,13.571952053394131,C,0,1,1,Child,Medium,Rare
37,1,3,"Passenger_37, Mr/Mrs. John",male,56.0,0,0,A/5 36140,43.51442140898395,C,0,1,1,Middle-aged,High,Rare
38,1,3,"Passenger_38, Mr/Mrs. John",male,50.0,0,0,A/5 68701,18.44646771662216,S,0,1,1,Middle-aged,Medium,Rare
39,1,2,"Passenger_39, Mr/Mrs. John",male,32.0,0,0,A/5 87567,54.48277752834204,C,0,1,1,Adult,Very High,Rare
40,1,1,"Passenger_40, Mr/Mrs. John",male,41.0,1,0,A/5 90664,25.50437917764862,S,0,2,0,Middle-aged,High,Rare
41,0,3,"Passenger_41, Mr/Mrs. John",male,59.0,0,3,A/5 91199,85.00125003695874,C,0,4,0,Middle-aged,Very High,Rare
42,0,3,"Passenger_42, Mr/Mrs. John",female,71.0,0,0,A/5 91218,94.52444439085184,C,0,1,1,Senior,Very High,Rare
43,0,3,"Passenger_43, Mr/Mrs. John",male,41.0,0,0,A/5 90729,2.298340138863197,S,0,1,1,Middle-aged,Low,Rare
44,0,1,"Passenger_44, Mr/Mrs. John",male,10.0,0,0,A/5 38561,19.50612225739422,S,1,1,1,Child,Medium,Rare
45,0,2,"Passenger_45, Mr/Mrs. John",male,11.0,0,0,A/5 60568,30.10597051741227,S,0,1,1,Child,High,Rare
46,1,1,"Passenger_46, Mr/Mrs. John",female,72.0,1,0,A/5 83302,9.457374166699436,S,1,2,0,Senior,Low,Rare
47,0,3,"Passenger_47, Mr/Mrs. John",female,28.0,1,0,A/5 39504,16.72609166573847,S,0,2,0,Adult,Medium,Rare
48,0,1,"Passenger_48, Mr/Mrs. John",male,65.0,1,0,A/5 47146,36.23088702203692,S,0,2,0,Senior,High,Rare
49,0,3,"Passenger_49, Mr/Mrs. John",female,52.0,1,1,A/5 50297,8.228239013592828,S,1,3,0,Middle-aged,Low,Rare
50,0,2,"Passenger_50, Mr/Mrs. John",male,54.0,0,0,A/5 96394,29.48020553511129,S,0,1,1,Middle-aged,High,Rare
51,0,3,"Passenger_51, Mr/Mrs. John",male,47.0,1,0,A/5 78607,38.25604952012675,S,0,2,0,Middle-aged,High,Rare
52,0,3,"Passenger_52, Mr/Mrs. John",female,41.0,0,0,A/5 26939,3.0353992020104057,S,1,1,1,Middle-aged,Low,Rare
53,0,3,"Passenger_53, Mr/Mrs. John",female,26.0,0,1,A/5 60715,22.02297539532514,C,0,2,0,Adult,Medium,Rare
54,1,1,"Passenger_54, Mr/Mrs. John",female,41.0,0,0,A/5 54460,9.76883140671804,Q,0,1,1,Middle-aged,Medium,Rare
55,0,1,"Passenger_55, Mr/Mrs. John",male,41.0,0,0,A/5 76576,41.24016750495174,C,0,1,1,Middle-aged,High,Rare
56,1,1,"Passenger_56, Mr/Mrs. John",male,75.0,0,0,A/5 78222,6.7255176618845685,C,0,1,1,Senior,Low,Rare
57,1,3,"Passenger_57, Mr/Mrs. John",female,41.0,0,0,A/5 22666,71.2905409122668,S,0,1,1,Middle-aged,Very High,Rare
58,0,3,"Passenger_58, Mr/Mrs. John",male,38.0,1,0,A/5 72119,18.04069602897173,S,0,2,0,Middle-aged,Medium,Rare
59,0,3,"Passenger_59, Mr/Mrs. John",male,15.0,0,1,A/5 45321,7.06081438595542,S,0,2,0,Teenager,Low,Rare
60,0,3,"Passenger_60, Mr/Mrs. John",male,21.0,0,0,A/5 11779,18.441350828225865,S,0,1,1,Adult,Medium,Rare
61,1,3,"Passenger_61, Mr/Mrs. John",male,6.0,2,0,A/5 23186,16.81618528225869,S,0,3,0,Child,Medium,Rare
62,0,1,"Passenger_62, Mr/Mrs. John",male,62.0,0,0,A/5 26459,17.927172866091265,S,0,1,1,Senior,Medium,Rare
63,0,3,"Passenger_63, Mr/Mrs. John",female,74.0,0,1,A/5 96246,28.186566037642965,S,1,2,0,Senior,High,Rare
64,0,2,"Passenger_64, Mr/Mrs. John",male,41.0,0,0,A/5 97755,23.56535775514083,S,0,1,1,Middle-aged,High,Rare
65,0,2,"Passenger_65, Mr/Mrs. John",male,3.0,0,0,A/5 15057,5.192216506982453,C,0,1,1,Child,Low,Rare
66,0,3,"Passenger_66, Mr/Mrs. John",male,41.0,0,0,A/5 70663,2.1705046589034747,S,0,1,1,Middle-aged,Low,Rare
67,1,1,"Passenger_67, Mr/Mrs. John",female,44.0,0,0,A/5 28733,41.82946097640973,S,0,1,1,Middle-aged,High,Rare
68,0,1,"Passenger_68, Mr/Mrs. John",male,33.0,0,0,A/5 29157,26.2508341476564,S,1,1,1,Adult,High,Rare
69,0,3,"Passenger_69, Mr/Mrs. John",male,41.0,0,0,A/5 45030,14.231264650040524,C,0,1,1,Middle-aged,Medium,Rare
70,1,1,"Passenger_70, Mr/Mrs. John",female,50.0,0,0,A/5 29613,52.86800974628125,C,0,1,1,Middle-aged,Very High,Rare
71,0,3,"Passenger_71, Mr/Mrs. John",female,28.0,0,0,A/5 93028,15.715793510805506,S,0,1,1,Adult,Medium,Rare
72,1,2,"Passenger_72, Mr/Mrs. John",female,41.0,0,0,A/5 96282,50.86285345184323,S,1,1,1,Middle-aged,Very High,Rare
73,0,2,"Passenger_73, Mr/Mrs. John",female,41.0,1,0,A/5 15188,11.677823325545688,S,1,2,0,Middle-aged,Medium,Rare
74,1,2,"Passenger_74, Mr/Mrs. John",male,48.0,0,0,A/5 39680,2.420314952817144,S,0,1,1,Middle-aged,Low,Rare
75,0,2,"Passenger_75, Mr/Mrs. John",female,59.0,0,1,A/5 70119,86.32637962665213,Q,1,2,0,Middle-aged,Very High,Rare
76,1,3,"Passenger_76, Mr/Mrs. John",male,76.0,1,2,A/5 84400,16.05712515126238,S,1,4,0,Senior,Medium,Rare
77,1,2,"Passenger_77, Mr/Mrs. John",female,18.0,0,3,A/5 65718,50.353677828870296,S,0,4,0,Teenager,Very High,Rare
78,0,3,"Passenger_78, Mr/Mrs. John",female,55.0,0,1,A/5 46445,10.474114210021408,S,0,2,0,Middle-aged,Medium,Rare
79,0,3,"Passenger_79, Mr/Mrs. John",female,26.0,0,0,A/5 15796,33.26368922486514,S,0,1,1,Adult,High,Rare
80,0,3,"Passenger_80, Mr/Mrs. John",female,41.0,1,0,A/5 57218,66.11260845638886,S,0,2,0,Middle-aged,Very High,Rare
81,1,3,"Passenger_81, Mr/Mrs. John",male,29.0,1,0,A/5 49131,1.361151546730364,S,0,2,0,Adult,Low,Rare
82,0,3,"Passenger_82, Mr/Mrs. John",male,17.0,0,0,A/5 18123,56.82251663072392,C,0,1,1,Teenager,Very High,Rare
83,0,1,"Passenger_83, Mr/Mrs. John",female,66.0,1,0,A/5 18222,27.10639669909082,S,1,2,0,Senior,High,Rare
84,0,1,"Passenger_84, Mr/Mrs. John",female,8.0,0,0,A/5 34074,29.92469695311501,S,0,1,1,Child,High,Rare
85,0,2,"Passenger_85, Mr/Mrs. John",male,41.0,0,0,A/5 39825,23.69824260967615,S,0,1,1,Middle-aged,High,Rare
86,1,3,"Passenger_86, Mr/Mrs. John",male,65.0,0,0,A/5 46839,66.40803711600095,S,0,1,1,Senior,Very High,Rare
87,1,1,"Passenger_87, Mr/Mrs. John",male,59.0,0,0,A/5 78322,1.420954206864159,S,0,1,1,Middle-aged,Low,Rare
88,0,3,"Passenger_88, Mr/Mrs. John",female,44.0,1,2,A/5 66321,9.67986488414941,C,0,4,0,Middle-aged,Low,Rare
89,0,3,"Passenger_89, Mr/Mrs. John",female,41.0,0,0,A/5 35988,66.73793713501664,S,1,1,1,Middle-aged,Very High,Rare
90,0,2,"Passenger_90, Mr/Mrs. John",male,41.0,0,0,A/5 45507,44.66308694746135,S,0,1,1,Middle-aged,High,Rare
91,0,3,"Passenger_91, Mr/Mrs. John",male,28.0,2,2,A/5 33806,0.5696861402578246,Q,0,5,0,Adult,Low,Rare
92,0,1,"Passenger_92, Mr/Mrs. John",female,43.0,0,0,A/5 46901,23.288052292157804,S,0,1,1,Middle-aged,High,Rare
93,0,1,"Passenger_93, Mr/Mrs. John",female,41.0,0,0,A/5 27043,24.131641835771347,S,1,1,1,Middle-aged,High,Rare
94,0,3,"Passenger_94, Mr/Mrs. John",male,66.0,0,0,A/5 85761,16.393501786264338,C,1,1,1,Senior,Medium,Rare
95,0,3,"Passenger_95, Mr/Mrs. John",male,48.0,1,0,A/5 19752,11.29465756222982,S,0,2,0,Middle-aged,Medium,Rare
96,1,3,"Passenger_96, Mr/Mrs. John",male,41.0,1,1,A/5 78993,36.6348486412653,S,0,3,0,Middle-aged,High,Rare
97,0,2,"Passenger_97, Mr/Mrs. John",male,67.0,0,0,A/5 52616,7.453739436546325,S,1,1,1,Senior,Low,Rare
98,0,2,"Passenger_98, Mr/Mrs. John",male,45.0,0,0,A/5 62127,51.33422379428635,S,0,1,1,Middle-aged,Very High,Rare
99,0,3,"Passenger_99, Mr/Mrs. John",female,41.0,0,0,A/5 84777,51.99168644400238,C,0,1,1,Middle-aged,Very High,Rare
100,1,3,"Passenger_100, Mr/Mrs. John",female,27.0,1,0,A/5 10453,17.170893871185545,S,0,2,0,Adult,Medium,Rare
101,0,3,"Passenger_101, Mr/Mrs. John",male,1.0,0,2,A/5 85432,10.67020932829178,S,0,3,0,Child,Medium,Rare
102,0,2,"Passenger_102, Mr/Mrs. John",female,41.0,0,0,A/5 97362,10.684959649602778,S,0,1,1,Middle-aged,Medium,Rare
103,0,3,"Passenger_103, Mr/Mrs. John",male,67.0,2,0,A/5 20976,21.066963086937715,S,0,3,0,Senior,Medium,Rare
104,0,2,"Passenger_104, Mr/Mrs. John",male,35.0,0,0,A/5 80404,40.68684912280291,S,0,1,1,Adult,High,Rare
105,1,1,"Passenger_105, Mr/Mrs. John",male,41.0,0,0,A/5 91932,14.22467176949834,S,0,1,1,Middle-aged,Medium,Rare
106,1,3,"Passenger_106, Mr/Mrs. John",male,78.0,0,2,A/5 87707,30.135030023505912,S,0,3,0,Senior,High,Rare
107,1,1,"Passenger_107, Mr/Mrs. John",female,45.0,2,0,A/5 99647,15.42563346394269,S,0,3,0,Middle-aged,Medium,Rare
108,0,3,"Passenger_108, Mr/Mrs. John",female,53.0,0,0,A/5 43688,11.621043515939082,S,0,1,1,Middle-aged,Medium,Rare
109,0,2,"Passenger_109, Mr/Mrs. John",male,68.0,0,0,A/5 96840,0.8055594279521299,S,0,1,1,Senior,Low,Rare
110,1,1,"Passenger_110, Mr/Mrs. John",male,1.0,0,1,A/5 12017,0.1254971486218034,S,1,2,0,Child,Low,Rare
111,0,3,"Passenger_111, Mr/Mrs. John",female,41.0,0,0,A/5 17957,8.247837798912114,C,1,1,1,Middle-aged,Low,Rare
112,1,3,"Passenger_112, Mr/Mrs. John",male,10.0,0,1,A/5 14792,16.68992570102651,C,0,2,0,Child,Medium,Rare
113,0,3,"Passenger_113, Mr/Mrs. John",male,41.0,0,0,A/5 65982,60.97802598648226,S,1,1,1,Middle-aged,Very High,Rare
114,0,3,"Passenger_114, Mr/Mrs. John",female,41.0,5,2,A/5 23237,51.26040645748228,S,1,8,0,Middle-aged,Very High,Rare
115,1,3,"Passenger_115, Mr/Mrs. John",male,41.0,0,0,A/5 61586,9.9467220183085,S,0,1,1,Middle-aged,Medium,Rare
116,0,3,"Passenger_116, Mr/Mrs. John",male,41.0,0,0,A/5 91787,8.973728963761706,S,0,1,1,Middle-aged,Low,Rare
117,1,3,"Passenger_117, Mr/Mrs. John",male,41.0,0,0,A/5 29252,8.252574976636266,S,0,1,1,Middle-aged,Low,Rare
118,0,2,"Passenger_118, Mr/Mrs. John",female,69.0,0,0,A/5 20707,13.25953812596082,C,0,1,1,Senior,Medium,Rare
119,0,3,"Passenger_119, Mr/Mrs. John",male,56.0,1,2,A/5 44206,22.06563498760088,S,0,4,0,Middle-aged,Medium,Rare
120,0,1,"Passenger_120, Mr/Mrs. John",male,76.0,0,1,A/5 13543,18.478154944873744,Q,0,2,0,Senior,Medium,Rare
121,0,3,"Passenger_121, Mr/Mrs. John",female,19.0,0,0,A/5 54135,7.879998673041167,Q,0,1,1,Adult,Low,Rare
122,0,3,"Passenger_122, Mr/Mrs. John",male,41.0,0,0,A/5 45031,4.472994047780365,S,0,1,1,Middle-aged,Low,Rare
123,0,1,"Passenger_123, Mr/Mrs. John",female,71.0,0,0,A/5 52929,0.4050426485093661,S,0,1,1,Senior,Low,Rare
124,0,3,"Passenger_124, Mr/Mrs. John",male,5.0,0,0,A/5 75747,5.350158950626986,S,0,1,1,Child,Low,Rare
125,0,3,"Passenger_125, Mr/Mrs. John",female,4.0,0,0,A/5 67851,39.10363799873841,S,0,1,1,Child,High,Rare
126,1,1,"Passenger_126, Mr/Mrs. John",male,15.0,1,0,A/5 65311,8.935549893491144,C,1,2,0,Teenager,Low,Rare
127,1,3,"Passenger_127, Mr/Mrs. John",male,8.0,2,0,A/5 75867,20.231796863615592,S,1,3,0,Child,Medium,Rare
128,0,3,"Passenger_128, Mr/Mrs. John",male,41.0,0,0,A/5 98780,28.63285438659597,S,0,1,1,Middle-aged,High,Rare
129,0,1,"Passenger_129, Mr/Mrs. John",male,46.0,2,0,A/5 67196,69.72673635020928,S,0,3,0,Middle-aged,Very High,Rare
130,0,3,"Passenger_130, Mr/Mrs. John",female,68.0,0,0,A/5 83705,70.30145629153355,S,0,1,1,Senior,Very High,Rare
131,1,2,"Passenger_131, Mr/Mrs. John",female,37.0,0,0,A/5 67894,43.819944590256384,S,0,1,1,Middle-aged,High,Rare
132,0,3,"Passenger_132, Mr/Mrs. John",male,24.0,0,3,A/5 97640,1.1452760620347826,S,1,4,0,Adult,Low,Rare
133,0,3,"Passenger_133, Mr/Mrs. John",male,63.0,0,0,A/5 24591,27.38661810405864,S,1,1,1,Senior,High,Rare
134,0,3,"Passenger_134, Mr/Mrs. John",female,24.0,0,0,A/5 58893,49.42430357893881,S,0,1,1,Adult,Very High,Rare
135,0,3,"Passenger_135, Mr/Mrs. John",female,4.0,0,0,A/5 10727,0.5580552955025118,S,1,1,1,Child,Low,Rare
136,0,3,"Passenger_136, Mr/Mrs. John",male,41.0,0,1,A/5 31359,25.5298266612316,C,1,2,0,Middle-aged,High,Rare
137,0,3,"Passenger_137, Mr/Mrs. John",male,53.0,0,0,A/5 53822,62.40859692979281,C,0,1,1,Middle-aged,Very High,Rare
138,1,2,"Passenger_138, Mr/Mrs. John",male,23.0,0,0,A/5 98534,20.56474065962364,Q,0,1,1,Adult,Medium,Rare
139,0,3,"Passenger_139, Mr/Mrs. John",female,53.0,1,0,A/5 20929,0.1316690079349741,C,0,2,0,Middle-aged,Low,Rare
140,1,1,"Passenger_140, Mr/Mrs. John",male,57.0,0,0,A/5 70091,0.3543825395929452,C,0,1,1,Middle-aged,Low,Rare
141,0,3,"Passenger_141, Mr/Mrs. John",male,60.0,0,0,A/5 90378,17.246207834253863,S,0,1,1,Middle-aged,Medium,Rare
142,0,1,"Passenger_142, Mr/Mrs. John",male,57.0,0,1,A/5 33519,5.38972508721613,C,0,2,0,Middle-aged,Low,Rare
143,1,1,"Passenger_143, Mr/Mrs. John",female,7.0,0,1,A/5 27393,34.943560340389546,S,1,2,0,Child,High,Rare
144,1,1,"Passenger_144, Mr/Mrs. John",male,61.0,1,0,A/5 44318,39.47975802566584,S,0,2,0,Senior,High,Rare
145,0,3,"Passenger_145, Mr/Mrs. John",male,51.0,0,0,A/5 84531,6.267797132298508,S,0,1,1,Middle-aged,Low,Rare
146,0,2,"Passenger_146, Mr/Mrs. John",male,41.0,0,2,A/5 57934,70.20893710228874,S,0,3,0,Middle-aged,Very High,Rare
147,0,3,"Passenger_147, Mr/Mrs. John",male,41.0,1,0,A/5 91103,18.66339769182274,S,1,2,0,Middle-aged,Medium,Rare
148,1,1,"Passenger_148, Mr/Mrs. John",male,36.0,0,1,A/5 38840,4.932402307319762,S,0,2,0,Middle-aged,Low,Rare
149,0,2,"Passenger_149, Mr/Mrs. John",male,69.0,0,0,A/5 99367,46.23968435689024,S,0,1,1,Senior,Very High,Rare
150,0,3,"Passenger_150, Mr/Mrs. John",male,58.0,0,2,A/5 23265,49.936842468638496,Q,0,3,0,Middle-aged,Very High,Rare
151,1,3,"Passenger_151, Mr/Mrs. John",male,62.0,1,0,A/5 15424,32.63027646809181,S,1,2,0,Senior,High,Rare
152,0,2,"Passenger_152, Mr/Mrs. John",male,27.0,0,2,A/5 30625,61.4558318861107,S,0,3,0,Adult,Very High,Rare
153,1,3,"Passenger_153, Mr/Mrs. John",female,57.0,0,0,A/5 89622,42.78465273364636,C,0,1,1,Middle-aged,High,Rare
154,0,3,"Passenger_154, Mr/Mrs. John",female,47.0,0,0,A/5 39187,68.4421027861138,S,0,1,1,Middle-aged,Very High,Rare
155,0,3,"Passenger_155, Mr/Mrs. John",male,39.0,0,2,A/5 45929,18.20682963655619,S,0,3,0,Middle-aged,Medium,Rare
156,0,1,"Passenger_156, Mr/Mrs. John",female,22.0,0,0,A/5 71892,44.05532064031785,C,0,1,1,Adult,High,Rare
157,1,1,"Passenger_157, Mr/Mrs. John",male,21.0,0,0,A/5 30539,265.6103357655124,C,0,1,1,Adult,Very High,Rare
158,1,3,"Passenger_158, Mr/Mrs. John",male,41.0,0,0,A/5 66630,41.303488696650426,S,0,1,1,Middle-aged,High,Rare
159,0,1,"Passenger_159, Mr/Mrs. John",male,31.0,2,1,A/5 19215,3.879864857510533,S,0,4,0,Adult,Low,Rare
160,0,3,"Passenger_160, Mr/Mrs. John",male,32.0,1,2,A/5 49385,23.37512427221513,S,1,4,0,Adult,High,Rare
161,0,3,"Passenger_161, Mr/Mrs. John",female,41.0,0,0,A/5 97580,28.324804810938183,S,0,1,1,Middle-aged,High,Rare
162,0,3,"Passenger_162, Mr/Mrs. John",female,9.0,1,1,A/5 87462,6.125298961886565,C,0,3,0,Child,Low,Rare
163,1,3,"Passenger_163, Mr/Mrs. John",female,10.0,0,0,A/5 35008,105.4052109099274,S,0,1,1,Child,Very High,Rare
164,0,3,"Passenger_164, Mr/Mrs. John",male,17.0,0,0,A/5 58928,6.178396815001273,S,0,1,1,Teenager,Low,Rare
165,0,2,"Passenger_165, Mr/Mrs. John",male,52.0,0,0,A/5 93096,6.255270973643962,S,1,1,1,Middle-aged,Low,Rare
166,1,3,"Passenger_166, Mr/Mrs. John",male,21.0,1,0,A/5 99876,78.94631319575366,S,0,2,0,Adult,Very High,Rare
167,0,2,"Passenger_167, Mr/Mrs. John",male,65.0,1,0,A/5 34976,20.027922975084223,S,1,2,0,Senior,Medium,Rare
168,0,3,"Passenger_168, Mr/Mrs. John",male,51.0,0,3,A/5 37626,2.088734570490634,S,0,4,0,Middle-aged,Low,Rare
169,0,3,"Passenger_169, Mr/Mrs. John",male,66.0,2,0,A/5 69789,29.17663094167188,S,0,3,0,Senior,High,Rare
170,1,3,"Passenger_170, Mr/Mrs. John",male,39.0,0,0,A/5 14700,29.46774588435198,C,1,1,1,Middle-aged,High,Rare
171,0,3,"Passenger_171, Mr/Mrs. John",male,1.0,1,3,A/5 73645,2.13359821645158,S,0,5,0,Child,Low,Rare
172,0,3,"Passenger_172, Mr/Mrs. John",female,41.0,3,0,A/5 83396,115.02040422768928,S,0,4,0,Middle-aged,Very High,Rare
173,1,2,"Passenger_173, Mr/Mrs. John",female,41.0,0,1,A/5 17526,25.130501919752515,C,0,2,0,Middle-aged,High,Rare
174,0,2,"Passenger_174, Mr/Mrs. John",female,57.0,1,0,A/5 49500,26.25652454513615,S,0,2,0,Middle-aged,High,Rare
175,0,3,"Passenger_175, Mr/Mrs. John",male,41.0,0,1,A/5 78049,23.49470882790959,S,1,2,0,Middle-aged,High,Rare
176,1,1,"Passenger_176, Mr/Mrs. John",male,41.0,0,0,A/5 83366,30.191573135568344,S,0,1,1,Middle-aged,High,Rare
177,1,1,"Passenger_177, Mr/Mrs. John",male,6.0,0,2,A/5 90317,9.821840512056855,S,0,3,0,Child,Medium,Rare
178,1,2,"Passenger_178, Mr/Mrs. John",female,3.0,0,0,A/5 69117,10.835597194531235,C,0,1,1,Child,Medium,Rare
179,1,2,"Passenger_179, Mr/Mrs. John",male,41.0,2,0,A/5 66096,22.914766886737592,S,0,3,0,Middle-aged,High,Rare
180,0,2,"Passenger_180, Mr/Mrs. John",male,47.0,0,0,A/5 17910,52.5900389699969,S,1,1,1,Middle-aged,Very High,Rare
181,0,1,"Passenger_181, Mr/Mrs. John",female,64.0,0,0,A/5 91383,1.6368241116233002,S,0,1,1,Senior,Low,Rare
182,1,1,"Passenger_182, Mr/Mrs. John",male,67.0,1,0,A/5 81185,29.59480588097577,S,1,2,0,Senior,High,Rare
183,1,1,"Passenger_183, Mr/Mrs. John",male,32.0,2,0,A/5 60248,52.60531934648322,S,0,3,0,Adult,Very High,Rare
184,0,3,"Passenger_184, Mr/Mrs. John",male,68.0,0,0,A/5 84656,5.4620860994581655,S,0,1,1,Senior,Low,Rare
185,0,2,"Passenger_185, Mr/Mrs. John",male,43.0,3,0,A/5 11951,0.4843687466040923,Q,1,4,0,Middle-aged,Low,Rare
186,1,2,"Passenger_186, Mr/Mrs. John",male,78.0,0,0,A/5 75212,12.000119841811218,S,0,1,1,Senior,Medium,Rare
187,0,3,"Passenger_187, Mr/Mrs. John",male,14.0,1,0,A/5 85701,28.386585383045738,S,1,2,0,Teenager,High,Rare
188,0,1,"Passenger_188, Mr/Mrs. John",male,4.0,0,0,A/5 89888,4.762514231005812,S,1,1,1,Child,Low,Rare
189,0,3,"Passenger_189, Mr/Mrs. John",male,29.0,0,0,A/5 85282,17.770851047625353,S,1,1,1,Adult,Medium,Rare
190,0,3,"Passenger_190, Mr/Mrs. John",female,49.0,0,0,A/5 51954,25.71775783209648,C,0,1,1,Middle-aged,High,Rare
191,1,1,"Passenger_191, Mr/Mrs. John",male,65.0,0,0,A/5 99719,29.232075516556684,S,1,1,1,Senior,High,Rare
192,1,2,"Passenger_192, Mr/Mrs. John",male,6.0,0,0,A/5 18804,10.264721082889968,C,0,1,1,Child,Medium,Rare
193,0,3,"Passenger_193, Mr/Mrs. John",male,41.0,0,0,A/5 10595,16.348000585483714,C,0,1,1,Middle-aged,Medium,Rare
194,0,3,"Passenger_194, Mr/Mrs. John",female,62.0,0,1,A/5 39592,48.21142798865166,S,0,2,0,Senior,Very High,Rare
195,0,3,"Passenger_195, Mr/Mrs. John",male,76.0,1,0,A/5 50643,90.6836273702216,S,1,2,0,Senior,Very High,Rare
196,0,3,"Passenger_196, Mr/Mrs. John",male,43.0,0,0,A/5 72665,63.348313721160046,S,0,1,1,Middle-aged,Very High,Rare
197,0,1,"Passenger_197, Mr/Mrs. John",female,20.0,0,0,A/5 30823,26.58443137472132,S,1,1,1,Adult,High,Rare
198,0,3,"Passenger_198, Mr/Mrs. John",female,44.0,0,0,A/5 15972,16.90013252621862,S,1,1,1,Middle-aged,Medium,Rare
199,0,1,"Passenger_199, Mr/Mrs. John",male,22.0,0,0,A/5 25882,12.956806056383831,S,1,1,1,Adult,Medium,Rare
200,0,3,"Passenger_200, Mr/Mrs. John",female,72.0,1,0,A/5 76394,4.271416163051614,S,0,2,0,Senior,Low,Rare
201,0,3,"Passenger_201, Mr/Mrs. John",male,56.0,1,0,A/5 81055,3.60532165163435,S,0,2,0,Middle-aged,Low,Rare
202,0,3,"Passenger_202, Mr/Mrs. John",male,16.0,0,0,A/5 33769,37.30876743355347,S,0,1,1,Teenager,High,Rare
203,0,3,"Passenger_203, Mr/Mrs. John",male,51.0,0,0,A/5 35020,9.626474092246976,S,0,1,1,Middle-aged,Low,Rare
204,1,1,"Passenger_204, Mr/Mrs. John",male,41.0,1,0,A/5 52748,9.40534564829096,Q,1,2,0,Middle-aged,Low,Rare
205,1,1,"Passenger_205, Mr/Mrs. John",female,12.0,0,0,A/5 95374,202.1511958160472,S,0,1,1,Child,Very High,Rare
206,0,1,"Passenger_206, Mr/Mrs. John",male,75.0,1,0,A/5 54912,6.661240258977906,C,0,2,0,Senior,Low,Rare
207,1,1,"Passenger_207, Mr/Mrs. John",male,41.0,0,3,A/5 22879,5.127644635451794,S,1,4,0,Middle-aged,Low,Rare
208,0,3,"Passenger_208, Mr/Mrs. John",female,6.0,1,0,A/5 43798,3.32482315610673,Q,1,2,0,Child,Low,Rare
209,1,2,"Passenger_209, Mr/Mrs. John",female,57.0,0,0,A/5 99826,27.745190757835463,S,0,1,1,Middle-aged,High,Rare
210,1,1,"Passenger_210, Mr/Mrs. John",male,69.0,0,2,A/5 56073,31.63185384186091,Q,0,3,0,Senior,High,Rare
211,0,3,"Passenger_211, Mr/Mrs. John",male,41.0,2,0,A/5 85791,14.543657072341707,C,0,3,0,Middle-aged,Medium,Rare
212,1,3,"Passenger_212, Mr/Mrs. John",male,62.0,0,0,A/5 76983,24.531429192575757,S,0,1,1,Senior,High,Rare
213,1,3,"Passenger_213, Mr/Mrs. John",female,41.0,0,1,A/5 53005,49.69777159340759,S,0,2,0,Middle-aged,Very High,Rare
214,0,3,"Passenger_214, Mr/Mrs. John",female,69.0,0,1,A/5 12850,54.53827549370508,S,1,2,0,Senior,Very High,Rare
215,1,1,"Passenger_215, Mr/Mrs. John",female,41.0,0,0,A/5 38400,101.37582123326337,S,1,1,1,Middle-aged,Very High,Rare
216,0,2,"Passenger_216, Mr/Mrs. John",male,39.0,0,0,A/5 21953,55.64144293243211,S,0,1,1,Middle-aged,Very High,Rare
217,1,3,"Passenger_217, Mr/Mrs. John",male,13.0,0,0,A/5 33535,26.625433632608363,C,0,1,1,Teenager,High,Rare
218,0,3,"Passenger_218, Mr/Mrs. John",male,7.0,0,2,A/5 85536,6.337046139390241,S,0,3,0,Child,Low,Rare
219,1,1,"Passenger_219, Mr/Mrs. John",male,14.0,0,0,A/5 85039,3.363130767920304,Q,0,1,1,Teenager,Low,Rare
220,0,3,"Passenger_220, Mr/Mrs. John",male,54.0,1,0,A/5 91029,1.7937269192118124,C,0,2,0,Middle-aged,Low,Rare
221,1,1,"Passenger_221, Mr/Mrs. John",female,20.0,0,1,A/5 14055,35.142075944134895,C,1,2,0,Adult,High,Rare
222,1,1,"Passenger_222, Mr/Mrs. John",male,63.0,0,0,A/5 48170,52.73111944711317,C,0,1,1,Senior,Very High,Rare
223,0,3,"Passenger_223, Mr/Mrs. John",male,57.0,0,0,A/5 38251,22.741365545689025,C,0,1,1,Middle-aged,High,Rare
224,0,3,"Passenger_224, Mr/Mrs. John",female,41.0,0,0,A/5 14532,1.8005739752590553,S,0,1,1,Middle-aged,Low,Rare
225,0,3,"Passenger_225, Mr/Mrs. John",male,74.0,0,0,A/5 14924,24.535371973414637,S,0,1,1,Senior,High,Rare
226,1,1,"Passenger_226, Mr/Mrs. John",female,41.0,0,1,A/5 58037,87.83878596772941,S,0,2,0,Middle-aged,Very High,Rare
227,0,3,"Passenger_227, Mr/Mrs. John",male,69.0,0,0,A/5 88082,29.130926124197515,S,1,1,1,Senior,High,Rare
228,0,2,"Passenger_228, Mr/Mrs. John",male,41.0,0,1,A/5 81621,53.047120603173454,Q,0,2,0,Middle-aged,Very High,Rare
229,0,1,"Passenger_229, Mr/Mrs. John",male,41.0,0,0,A/5 87926,51.526446265929216,S,0,1,1,Middle-aged,Very High,Rare
230,0,3,"Passenger_230, Mr/Mrs. John",male,49.0,0,0,A/5 88816,86.08473294327075,S,0,1,1,Middle-aged,Very High,Rare
231,0,3,"Passenger_231, Mr/Mrs. John",female,3.0,0,3,A/5 99654,47.06147514544518,S,0,4,0,Child,Very High,Rare
232,0,3,"Passenger_232, Mr/Mrs. John",male,35.0,0,0,A/5 80400,44.06843074068207,S,1,1,1,Adult,High,Rare
233,0,3,"Passenger_233, Mr/Mrs. John",male,24.0,0,0,A/5 20702,8.534628659226643,C,1,1,1,Adult,Low,Rare
234,0,3,"Passenger_234, Mr/Mrs. John",male,22.0,0,0,A/5 25385,1.9774651164448336,S,0,1,1,Adult,Low,Rare
235,1,3,"Passenger_235, Mr/Mrs. John",male,41.0,1,1,A/5 19336,23.32737678858161,S,0,3,0,Middle-aged,High,Rare
236,1,1,"Passenger_236, Mr/Mrs. John",female,29.0,0,0,A/5 75421,4.252319427308957,S,0,1,1,Adult,Low,Rare
237,0,2,"Passenger_237, Mr/Mrs. John",male,20.0,0,0,A/5 41225,104.81078685222366,S,0,1,1,Adult,Very High,Rare
238,1,2,"Passenger_238, Mr/Mrs. John",female,54.0,0,0,A/5 46021,10.956299086032187,S,0,1,1,Middle-aged,Medium,Rare
239,1,2,"Passenger_239, Mr/Mrs. John",female,19.0,0,0,A/5 13782,61.34218225302679,S,0,1,1,Adult,Very High,Rare
240,0,3,"Passenger_240, Mr/Mrs. John",male,66.0,0,1,A/5 98877,15.693114463498476,S,0,2,0,Senior,Medium,Rare
241,1,3,"Passenger_241, Mr/Mrs. John",female,34.0,0,0,A/5 99630,12.491871188883202,C,0,1,1,Adult,Medium,Rare
242,0,1,"Passenger_242, Mr/Mrs. John",male,6.0,1,0,A/5 59111,87.54593807114227,C,0,2,0,Child,Very High,Rare
243,0,1,"Passenger_243, Mr/Mrs. John",male,10.0,0,0,A/5 99402,14.447748616641466,S,1,1,1,Child,Medium,Rare
244,0,3,"Passenger_244, Mr/Mrs. John",male,48.0,2,0,A/5 94585,15.832589268737458,Q,0,3,0,Middle-aged,Medium,Rare
245,1,1,"Passenger_245, Mr/Mrs. John",female,59.0,0,2,A/5 52719,3.588869466819464,S,0,3,0,Middle-aged,Low,Rare
246,0,3,"Passenger_246, Mr/Mrs. John",female,2.0,0,0,A/5 59037,35.5205463210063,S,1,1,1,Child,High,Rare
247,0,3,"Passenger_247, Mr/Mrs. John",male,65.0,0,3,A/5 90103,10.907424511990806,S,0,4,0,Senior,Medium,Rare
248,0,3,"Passenger_248, Mr/Mrs. John",female,41.0,0,0,A/5 13513,28.1898766596867,S,0,1,1,Middle-aged,High,Rare
249,0,3,"Passenger_249, Mr/Mrs. John",male,53.0,0,0,A/5 23335,28.636812959564203,S,0,1,1,Middle-aged,High,Rare
250,0,3,"Passenger_250, Mr/Mrs. John",male,22.0,0,2,A/5 54140,40.64356872865312,S,0,3,0,Adult,High,Rare
251,0,2,"Passenger_251, Mr/Mrs. John",male,21.0,0,0,A/5 90373,43.7580539876375,S,0,1,1,Adult,High,Rare
252,1,3,"Passenger_252, Mr/Mrs. John",female,22.0,2,0,A/5 87658,23.119296756906305,S,0,3,0,Adult,High,Rare
253,0,3,"Passenger_253, Mr/Mrs. John",male,30.0,1,3,A/5 44840,12.862693838690758,S,0,5,0,Adult,Medium,Rare
254,0,2,"Passenger_254, Mr/Mrs. John",male,28.0,0,0,A/5 41007,58.13680439132225,C,0,1,1,Adult,Very High,Rare
255,0,3,"Passenger_255, Mr/Mrs. John",male,45.0,0,0,A/5 66947,11.86780765895561,S,0,1,1,Middle-aged,Medium,Rare
256,0,3,"Passenger_256, Mr/Mrs. John",male,49.0,0,0,A/5 36393,22.66493710297816,C,0,1,1,Middle-aged,Medium,Rare
257,1,3,"Passenger_257, Mr/Mrs. John",male,1.0,0,0,A/5 67480,16.413294227009544,S,0,1,1,Child,Medium,Rare
258,0,3,"Passenger_258, Mr/Mrs. John",male,73.0,0,0,A/5 98290,61.80999282012751,S,0,1,1,Senior,Very High,Rare
259,0,3,"Passenger_259, Mr/Mrs. John",female,32.0,0,0,A/5 96335,18.09569406287848,S,0,1,1,Adult,Medium,Rare
260,0,3,"Passenger_260, Mr/Mrs. John",male,48.0,0,0,A/5 19107,15.613501095128656,S,0,1,1,Middle-aged,Medium,Rare
261,1,3,"Passenger_261, Mr/Mrs. John",male,74.0,0,1,A/5 15993,37.459661138616426,S,0,2,0,Senior,High,Rare
262,0,3,"Passenger_262, Mr/Mrs. John",male,41.0,3,0,A/5 62066,29.517190546211243,S,0,4,0,Middle-aged,High,Rare
263,0,3,"Passenger_263, Mr/Mrs. John",female,35.0,1,0,A/5 52942,3.630244659314812,S,0,2,0,Adult,Low,Rare
264,0,3,"Passenger_264, Mr/Mrs. John",female,25.0,2,0,A/5 26138,22.707831158016862,S,0,3,0,Adult,Medium,Rare
265,0,3,"Passenger_265, Mr/Mrs. John",male,15.0,0,0,A/5 54527,42.55463434870069,S,1,1,1,Teenager,High,Rare
266,1,1,"Passenger_266, Mr/Mrs. John",female,73.0,0,0,A/5 19190,154.80650416317562,C,0,1,1,Senior,Very High,Rare
267,1,3,"Passenger_267, Mr/Mrs. John",male,19.0,0,1,A/5 88422,31.74237035557053,S,0,2,0,Adult,High,Rare
268,0,3,"Passenger_268, Mr/Mrs. John",male,17.0,0,0,A/5 65698,14.80002408499442,S,0,1,1,Teenager,Medium,Rare
269,1,1,"Passenger_269, Mr/Mrs. John",male,41.0,0,1,A/5 92315,8.204137278526463,S,0,2,0,Middle-aged,Low,Rare
270,0,3,"Passenger_270, Mr/Mrs. John",male,40.0,0,2,A/5 39086,65.99143507882964,S,0,3,0,Middle-aged,Very High,Rare
271,1,1,"Passenger_271, Mr/Mrs. John",male,23.0,0,0,A/5 27322,53.921664208759694,S,0,1,1,Adult,Very High,Rare
272,1,2,"Passenger_272, Mr/Mrs. John",female,41.0,0,0,A/5 93569,8.52711546094157,S,0,1,1,Middle-aged,Low,Rare
273,1,3,"Passenger_273, Mr/Mrs. John",female,63.0,0,0,A/5 95610,7.165887241630939,S,0,1,1,Senior,Low,Rare
274,1,1,"Passenger_274, Mr/Mrs. John",female,69.0,0,0,A/5 13435,40.18387624150392,Q,1,1,1,Senior,High,Rare
275,1,3,"Passenger_275, Mr/Mrs. John",male,41.0,0,1,A/5 63331,12.104526738183312,S,0,2,0,Middle-aged,Medium,Rare
276,0,3,"Passenger_276, Mr/Mrs. John",male,75.0,0,2,A/5 38942,11.707459873659102,C,1,3,0,Senior,Medium,Rare
277,0,3,"Passenger_277, Mr/Mrs. John",female,67.0,0,0,A/5 69635,5.286943176456732,S,0,1,1,Senior,Low,Rare
278,1,1,"Passenger_278, Mr/Mrs. John",male,33.0,0,0,A/5 39059,9.807740785362762,S,1,1,1,Adult,Medium,Rare
279,1,2,"Passenger_279, Mr/Mrs. John",male,48.0,2,2,A/5 67557,17.848183829634323,S,0,5,0,Middle-aged,Medium,Rare
280,1,3,"Passenger_280, Mr/Mrs. John",male,38.0,0,2,A/5 62389,42.23684241374398,C,0,3,0,Middle-aged,High,Rare
281,0,3,"Passenger_281, Mr/Mrs. John",female,36.0,1,0,A/5 63014,13.117991513503164,C,0,2,0,Middle-aged,Medium,Rare
282,1,3,"Passenger_282, Mr/Mrs. John",male,77.0,0,0,A/5 42826,12.748693049190724,S,0,1,1,Senior,Medium,Rare
283,0,2,"Passenger_283, Mr/Mrs. John",male,3.0,0,0,A/5 40297,10.73124539346995,S,0,1,1,Child,Medium,Rare
284,1,3,"Passenger_284, Mr/Mrs. John",female,65.0,0,2,A/5 53890,20.820200421077843,S,1,3,0,Senior,Medium,Rare
285,0,3,"Passenger_285, Mr/Mrs. John",male,8.0,0,0,A/5 31322,6.375286439352978,S,1,1,1,Child,Low,Rare
286,1,3,"Passenger_286, Mr/Mrs. John",male,41.0,0,0,A/5 45739,21.274043365904188,S,1,1,1,Middle-aged,Medium,Rare
287,1,1,"Passenger_287, Mr/Mrs. John",male,73.0,1,0,A/5 19719,38.97565106755105,S,1,2,0,Senior,High,Rare
288,0,3,"Passenger_288, Mr/Mrs. John",male,39.0,0,0,A/5 89553,0.967784178556764,S,0,1,1,Middle-aged,Low,Rare
289,0,3,"Passenger_289, Mr/Mrs. John",female,28.0,0,0,A/5 18314,0.3144804001430316,C,0,1,1,Adult,Low,Rare
290,0,3,"Passenger_290, Mr/Mrs. John",male,37.0,0,5,A/5 85164,2.499021636518445,S,0,6,0,Middle-aged,Low,Rare
291,0,2,"Passenger_291, Mr/Mrs. John",male,56.0,2,0,A/5 87028,24.548427821089167,S,0,3,0,Middle-aged,High,Rare
292,1,3,"Passenger_292, Mr/Mrs. John",female,2.0,0,0,A/5 46113,61.67265706819671,S,0,1,1,Child,Very High,Rare
293,0,3,"Passenger_293, Mr/Mrs. John",female,60.0,0,0,A/5 25357,0.1566858883778089,S,0,1,1,Middle-aged,Low,Rare
294,0,1,"Passenger_294, Mr/Mrs. John",female,40.0,0,0,A/5 30365,88.296282707878,S,1,1,1,Middle-aged,Very High,Rare
295,0,3,"Passenger_295, Mr/Mrs. John",male,37.0,1,0,A/5 49029,3.595554769302764,S,0,2,0,Middle-aged,Low,Rare
296,1,3,"Passenger_296, Mr/Mrs. John",male,18.0,4,0,A/5 11737,59.041791954978535,S,1,5,0,Teenager,Very High,Rare
297,0,1,"Passenger_297, Mr/Mrs. John",female,22.0,0,0,A/5 84632,21.10180880412578,C,0,1,1,Adult,Medium,Rare
298,1,2,"Passenger_298, Mr/Mrs. John",female,58.0,1,0,A/5 95474,34.461485050563496,S,0,2,0,Middle-aged,High,Rare
299,0,3,"Passenger_299, Mr/Mrs. John",male,41.0,1,0,A/5 88218,22.87183059183088,S,1,2,0,Middle-aged,High,Rare
300,0,1,"Passenger_300, Mr/Mrs. John",male,7.0,0,0,A/5 37499,20.74451289358845,S,0,1,1,Child,Medium,Rare
301,0,3,"Passenger_301, Mr/Mrs. John",male,41.0,0,2,A/5 56157,57.63841490247088,S,1,3,0,Middle-aged,Very High,Rare
302,1,2,"Passenger_302, Mr/Mrs. John",female,68.0,0,2,A/5 66247,45.12388814607354,S,0,3,0,Senior,Very High,Rare
303,1,3,"Passenger_303, Mr/Mrs. John",male,1.0,3,0,A/5 51034,21.135703284562915,S,0,4,0,Child,Medium,Rare
304,1,1,"Passenger_304, Mr/Mrs. John",male,78.0,0,0,A/5 10294,3.7879561790020606,S,0,1,1,Senior,Low,Rare
305,0,3,"Passenger_305, Mr/Mrs. John",male,41.0,1,2,A/5 34596,3.923937885556045,S,0,4,0,Middle-aged,Low,Rare
306,1,3,"Passenger_306, Mr/Mrs. John",female,38.0,0,0,A/5 21434,51.74927978149391,C,0,1,1,Middle-aged,Very High,Rare
307,1,3,"Passenger_307, Mr/Mrs. John",female,41.0,1,1,A/5 68382,24.11925995997423,C,0,3,0,Middle-aged,High,Rare
308,0,3,"Passenger_308, Mr/Mrs. John",male,74.0,0,2,A/5 48098,21.02358993640228,S,0,3,0,Senior,Medium,Rare
309,1,1,"Passenger_309, Mr/Mrs. John",female,71.0,0,0,A/5 14655,36.51863146201688,S,1,1,1,Senior,High,Rare
310,0,3,"Passenger_310, Mr/Mrs. John",female,47.0,1,0,A/5 93029,62.65191991672511,C,0,2,0,Middle-aged,Very High,Rare
311,0,1,"Passenger_311, Mr/Mrs. John",male,35.0,1,2,A/5 56228,31.718763072445647,S,0,4,0,Adult,High,Rare
312,0,1,"Passenger_312, Mr/Mrs. John",male,1.0,1,0,A/5 13771,46.04971460599018,C,0,2,0,Child,Very High,Rare
313,0,2,"Passenger_313, Mr/Mrs. John",male,60.0,0,0,A/5 84099,46.37829102061311,S,1,1,1,Middle-aged,Very High,Rare
314,0,3,"Passenger_314, Mr/Mrs. John",female,23.0,1,0,A/5 66799,14.094803574242873,S,1,2,0,Adult,Medium,Rare
315,0,3,"Passenger_315, Mr/Mrs. John",male,61.0,0,0,A/5 72257,10.25023568865996,S,0,1,1,Senior,Medium,Rare
316,0,3,"Passenger_316, Mr/Mrs. John",male,52.0,0,0,A/5 27558,51.68880807925837,S,0,1,1,Middle-aged,Very High,Rare
317,1,2,"Passenger_317, Mr/Mrs. John",female,55.0,0,0,A/5 68436,15.15186517088872,C,1,1,1,Middle-aged,Medium,Rare
318,0,2,"Passenger_318, Mr/Mrs. John",male,55.0,0,5,A/5 42376,74.76845755952813,S,0,6,0,Middle-aged,Very High,Rare
319,1,3,"Passenger_319, Mr/Mrs. John",female,36.0,0,0,A/5 97458,2.3116212469608417,Q,0,1,1,Middle-aged,Low,Rare
320,0,2,"Passenger_320, Mr/Mrs. John",male,49.0,5,0,A/5 87924,1.919389939421072,S,0,6,0,Middle-aged,Low,Rare
321,0,3,"Passenger_321, Mr/Mrs. John",male,39.0,0,0,A/5 39332,83.75529046874018,C,0,1,1,Middle-aged,Very High,Rare
322,0,1,"Passenger_322, Mr/Mrs. John",female,61.0,0,0,A/5 56737,33.45335388952855,C,0,1,1,Senior,High,Rare
323,0,3,"Passenger_323, Mr/Mrs. John",female,35.0,0,0,A/5 99031,15.27647393161496,S,0,1,1,Adult,Medium,Rare
324,0,3,"Passenger_324, Mr/Mrs. John",male,41.0,0,3,A/5 83970,45.01579807783845,S,0,4,0,Middle-aged,Very High,Rare
325,0,1,"Passenger_325, Mr/Mrs. John",female,42.0,0,1,A/5 61952,35.703633255625746,Q,0,2,0,Middle-aged,High,Rare
326,1,1,"Passenger_326, Mr/Mrs. John",female,76.0,2,0,A/5 30991,24.24260075836101,S,0,3,0,Senior,High,Rare
327,0,3,"Passenger_327, Mr/Mrs. John",male,67.0,1,0,A/5 37472,3.331502626308046,S,1,2,0,Senior,Low,Rare
328,0,3,"Passenger_328, Mr/Mrs. John",female,73.0,1,0,A/5 69946,53.51260877609316,S,0,2,0,Senior,Very High,Rare
329,0,2,"Passenger_329, Mr/Mrs. John",male,41.0,4,0,A/5 36849,64.32283388126223,S,1,5,0,Middle-aged,Very High,Rare
330,0,3,"Passenger_330, Mr/Mrs. John",male,13.0,0,0,A/5 11541,6.046268015639368,C,0,1,1,Teenager,Low,Rare
331,1,1,"Passenger_331, Mr/Mrs. John",male,23.0,0,0,A/5 12765,60.81717852271293,S,0,1,1,Adult,Very High,Rare
332,1,2,"Passenger_332, Mr/Mrs. John",female,66.0,0,4,A/5 53074,67.2794709676473,S,1,5,0,Senior,Very High,Rare
333,0,3,"Passenger_333, Mr/Mrs. John",female,18.0,0,0,A/5 39283,25.51164003837416,S,0,1,1,Teenager,High,Rare
334,0,2,"Passenger_334, Mr/Mrs. John",male,33.0,0,0,A/5 10769,34.164294759287074,S,0,1,1,Adult,High,Rare
335,0,3,"Passenger_335, Mr/Mrs. John",male,32.0,0,1,A/5 27806,15.4128290638317,S,1,2,0,Adult,Medium,Rare
336,0,2,"Passenger_336, Mr/Mrs. John",male,78.0,0,0,A/5 12972,10.591858160058072,S,0,1,1,Senior,Medium,Rare
337,1,2,"Passenger_337, Mr/Mrs. John",male,41.0,0,0,A/5 28256,40.962353428891845,S,0,1,1,Middle-aged,High,Rare
338,1,3,"Passenger_338, Mr/Mrs. John",female,36.0,0,0,A/5 28653,63.34711313786182,C,1,1,1,Middle-aged,Very High,Rare
339,1,2,"Passenger_339, Mr/Mrs. John",female,41.0,0,0,A/5 96669,33.96930145723106,S,0,1,1,Middle-aged,High,Rare
340,1,3,"Passenger_340, Mr/Mrs. John",male,11.0,0,1,A/5 49339,22.931241990718878,S,0,2,0,Child,High,Rare
341,0,1,"Passenger_341, Mr/Mrs. John",female,47.0,0,0,A/5 35757,5.5383733192202405,Q,0,1,1,Middle-aged,Low,Rare
342,1,1,"Passenger_342, Mr/Mrs. John",male,19.0,0,1,A/5 52399,1.758102021079773,S,1,2,0,Adult,Low,Rare
343,1,1,"Passenger_343, Mr/Mrs. John",female,28.0,1,0,A/5 54013,18.88110117239292,C,0,2,0,Adult,Medium,Rare
344,0,3,"Passenger_344, Mr/Mrs. John",female,9.0,0,0,A/5 24706,1.6194834839934282,C,0,1,1,Child,Low,Rare
345,0,2,"Passenger_345, Mr/Mrs. John",male,62.0,0,1,A/5 48231,26.957564754454403,S,0,2,0,Senior,High,Rare
346,0,3,"Passenger_346, Mr/Mrs. John",male,67.0,1,0,A/5 37909,15.438318060982914,S,0,2,0,Senior,Medium,Rare
347,0,3,"Passenger_347, Mr/Mrs. John",female,47.0,0,0,A/5 86631,45.29511708631398,S,0,1,1,Middle-aged,Very High,Rare
348,0,3,"Passenger_348, Mr/Mrs. John",male,29.0,0,0,A/5 67572,11.67286265564082,S,1,1,1,Adult,Medium,Rare
349,1,1,"Passenger_349, Mr/Mrs. John",male,13.0,1,0,A/5 95879,28.76478690167291,S,0,2,0,Teenager,High,Rare
350,0,3,"Passenger_350, Mr/Mrs. John",male,34.0,0,0,A/5 73767,24.688179346301663,S,0,1,1,Adult,High,Rare
351,0,3,"Passenger_351, Mr/Mrs. John",male,41.0,1,0,A/5 36469,0.1511540481926099,S,0,2,0,Middle-aged,Low,Rare
352,0,3,"Passenger_352, Mr/Mrs. John",male,48.0,1,0,A/5 11313,2.404583822577319,S,0,2,0,Middle-aged,Low,Rare
353,0,3,"Passenger_353, Mr/Mrs. John",female,64.0,0,0,A/5 17847,10.976289683399871,C,1,1,1,Senior,Medium,Rare
354,1,3,"Passenger_354, Mr/Mrs. John",female,39.0,0,2,A/5 60222,68.45007531682693,S,0,3,0,Middle-aged,Very High,Rare
355,0,3,"Passenger_355, Mr/Mrs. John",male,41.0,0,0,A/5 84702,5.088424440505933,S,0,1,1,Middle-aged,Low,Rare
356,0,1,"Passenger_356, Mr/Mrs. John",female,71.0,0,1,A/5 19930,39.710816612939176,C,1,2,0,Senior,High,Rare
357,1,1,"Passenger_357, Mr/Mrs. John",male,41.0,0,0,A/5 13285,116.018814108109,S,0,1,1,Middle-aged,Very High,Rare
358,0,3,"Passenger_358, Mr/Mrs. John",female,67.0,0,0,A/5 45863,50.02732924257205,S,1,1,1,Senior,Very High,Rare
359,1,3,"Passenger_359, Mr/Mrs. John",female,49.0,0,1,A/5 26704,8.906235223085,C,1,2,0,Middle-aged,Low,Rare
360,0,3,"Passenger_360, Mr/Mrs. John",male,65.0,0,0,A/5 28705,76.47823443417751,S,0,1,1,Senior,Very High,Rare
361,0,3,"Passenger_361, Mr/Mrs. John",female,41.0,0,0,A/5 10555,3.127391351574914,S,0,1,1,Middle-aged,Low,Rare
362,0,1,"Passenger_362, Mr/Mrs. John",male,25.0,0,0,A/5 31323,20.20411626456914,S,0,1,1,Adult,Medium,Rare
363,1,1,"Passenger_363, Mr/Mrs. John",male,3.0,0,0,A/5 80968,69.92558847557085,C,0,1,1,Child,Very High,Rare
364,0,3,"Passenger_364, Mr/Mrs. John",female,32.0,1,0,A/5 76922,32.80554565556449,S,1,2,0,Adult,High,Rare
365,1,2,"Passenger_365, Mr/Mrs. John",male,16.0,0,0,A/5 63915,17.08253211026609,S,1,1,1,Teenager,Medium,Rare
366,1,1,"Passenger_366, Mr/Mrs. John",male,41.0,0,1,A/5 20619,11.086718775676625,S,0,2,0,Middle-aged,Medium,Rare
367,0,3,"Passenger_367, Mr/Mrs. John",male,56.0,2,0,A/5 82390,15.04520609294883,S,0,3,0,Middle-aged,Medium,Rare
368,1,1,"Passenger_368, Mr/Mrs. John",female,41.0,0,2,A/5 69274,22.75816274989572,S,0,3,0,Middle-aged,High,Rare
369,0,3,"Passenger_369, Mr/Mrs. John",male,51.0,0,2,A/5 83173,12.29623944969386,S,1,3,0,Middle-aged,Medium,Rare
370,0,2,"Passenger_370, Mr/Mrs. John",male,71.0,0,0,A/5 31225,111.1274209434883,S,0,1,1,Senior,Very High,Rare
371,0,3,"Passenger_371, Mr/Mrs. John",female,19.0,0,0,A/5 36739,86.5351146476628,S,0,1,1,Adult,Very High,Rare
372,0,2,"Passenger_372, Mr/Mrs. John",female,45.0,0,2,A/5 57708,65.45277933070707,S,1,3,0,Middle-aged,Very High,Rare
373,0,3,"Passenger_373, Mr/Mrs. John",male,11.0,0,2,A/5 63019,17.53238564568462,C,0,3,0,Child,Medium,Rare
374,0,1,"Passenger_374, Mr/Mrs. John",male,41.0,0,0,A/5 86154,37.612514529889786,S,1,1,1,Middle-aged,High,Rare
375,0,1,"Passenger_375, Mr/Mrs. John",male,18.0,1,0,A/5 17373,74.60115602225687,S,0,2,0,Teenager,Very High,Rare
376,0,2,"Passenger_376, Mr/Mrs. John",male,48.0,0,0,A/5 45281,60.79959497676101,S,0,1,1,Middle-aged,Very High,Rare
377,0,3,"Passenger_377, Mr/Mrs. John",male,8.0,0,0,A/5 30187,17.119798066334045,S,0,1,1,Child,Medium,Rare
378,0,3,"Passenger_378, Mr/Mrs. John",female,76.0,1,0,A/5 77863,3.8149878638293857,S,1,2,0,Senior,Low,Rare
379,1,2,"Passenger_379, Mr/Mrs. John",female,41.0,0,0,A/5 94085,2.5165839422297127,S,1,1,1,Middle-aged,Low,Rare
380,0,3,"Passenger_380, Mr/Mrs. John",male,79.0,1,0,A/5 49220,27.537104593665298,S,0,2,0,Senior,High,Rare
381,0,3,"Passenger_381, Mr/Mrs. John",male,41.0,0,0,A/5 17642,32.92729093201232,S,0,1,1,Middle-aged,High,Rare
382,0,3,"Passenger_382, Mr/Mrs. John",female,45.0,1,0,A/5 89971,60.67427943464433,S,0,2,0,Middle-aged,Very High,Rare
383,0,1,"Passenger_383, Mr/Mrs. John",male,77.0,0,0,A/5 65556,11.073244155331489,S,1,1,1,Senior,Medium,Rare
384,0,3,"Passenger_384, Mr/Mrs. John",female,79.0,1,0,A/5 43760,5.865171551008797,S,1,2,0,Senior,Low,Rare
385,1,1,"Passenger_385, Mr/Mrs. John",male,67.0,2,0,A/5 48192,15.245874889420293,S,0,3,0,Senior,Medium,Rare
386,1,2,"Passenger_386, Mr/Mrs. John",male,54.0,0,0,A/5 14381,13.9615452171516,S,0,1,1,Middle-aged,Medium,Rare
387,0,3,"Passenger_387, Mr/Mrs. John",female,40.0,0,0,A/5 29558,4.547327357626297,C,0,1,1,Middle-aged,Low,Rare
388,0,1,"Passenger_388, Mr/Mrs. John",male,41.0,0,0,A/5 40782,35.69932120259186,C,0,1,1,Middle-aged,High,Rare
389,0,3,"Passenger_389, Mr/Mrs. John",female,60.0,0,3,A/5 14782,22.74188595109588,C,0,4,0,Middle-aged,High,Rare
390,0,3,"Passenger_390, Mr/Mrs. John",male,30.0,0,0,A/5 64712,40.86347456183925,S,0,1,1,Adult,High,Rare
391,0,3,"Passenger_391, Mr/Mrs. John",male,62.0,0,0,A/5 29462,13.9178142484445,S,0,1,1,Senior,Medium,Rare
392,0,3,"Passenger_392, Mr/Mrs. John",female,9.0,0,0,A/5 70030,12.61067017790968,S,1,1,1,Child,Medium,Rare
393,0,1,"Passenger_393, Mr/Mrs. John",male,41.0,0,3,A/5 78519,20.47200707876053,S,0,4,0,Middle-aged,Medium,Rare
394,1,2,"Passenger_394, Mr/Mrs. John",female,61.0,0,0,A/5 66411,67.16442146480942,S,0,1,1,Senior,Very High,Rare
395,0,3,"Passenger_395, Mr/Mrs. John",male,41.0,0,0,A/5 65206,1.3156820898943986,Q,1,1,1,Middle-aged,Low,Rare
396,1,1,"Passenger_396, Mr/Mrs. John",male,41.0,0,0,A/5 56950,52.28475969705574,S,1,1,1,Middle-aged,Very High,Rare
397,1,2,"Passenger_397, Mr/Mrs. John",female,73.0,0,0,A/5 12523,14.733753131084253,S,0,1,1,Senior,Medium,Rare
398,1,1,"Passenger_398, Mr/Mrs. John",male,45.0,0,0,A/5 70926,61.70872236190563,S,1,1,1,Middle-aged,Very High,Rare
399,1,1,"Passenger_399, Mr/Mrs. John",male,58.0,0,0,A/5 19677,51.856450285282186,S,0,1,1,Middle-aged,Very High,Rare
400,1,2,"Passenger_400, Mr/Mrs. John",male,64.0,0,0,A/5 85828,13.724126609201178,S,0,1,1,Senior,Medium,Rare
401,0,1,"Passenger_401, Mr/Mrs. John",male,59.0,0,0,A/5 25089,37.88053693006506,S,1,1,1,Middle-aged,High,Rare
402,0,3,"Passenger_402, Mr/Mrs. John",male,41.0,0,0,A/5 14581,5.565321227809098,S,1,1,1,Middle-aged,Low,Rare
403,0,3,"Passenger_403, Mr/Mrs. John",female,41.0,1,0,A/5 21907,72.51440906770195,S,0,2,0,Middle-aged,Very High,Rare
404,0,3,"Passenger_404, Mr/Mrs. John",female,29.0,0,1,A/5 15609,16.586844325786174,S,1,2,0,Adult,Medium,Rare
405,1,1,"Passenger_405, Mr/Mrs. John",female,41.0,0,0,A/5 61153,19.45977797646196,C,0,1,1,Middle-aged,Medium,Rare
406,1,1,"Passenger_406, Mr/Mrs. John",female,3.0,0,1,A/5 60539,39.147401375959376,S,0,2,0,Child,High,Rare
407,1,1,"Passenger_407, Mr/Mrs. John",female,36.0,1,0,A/5 54143,55.02327484276561,S,1,2,0,Middle-aged,Very High,Rare
408,0,3,"Passenger_408, Mr/Mrs. John",female,62.0,2,0,A/5 32936,8.628358636673088,C,0,3,0,Senior,Low,Rare
409,0,3,"Passenger_409, Mr/Mrs. John",male,41.0,0,0,A/5 60182,34.64923412365635,Q,0,1,1,Middle-aged,High,Rare
410,0,1,"Passenger_410, Mr/Mrs. John",female,13.0,0,2,A/5 23163,15.922469751473946,S,0,3,0,Teenager,Medium,Rare
411,0,3,"Passenger_411, Mr/Mrs. John",female,16.0,1,0,A/5 69758,14.719319210812737,S,0,2,0,Teenager,Medium,Rare
412,1,1,"Passenger_412, Mr/Mrs. John",male,59.0,0,0,A/5 56057,37.48052121623058,S,0,1,1,Middle-aged,High,Rare
413,1,3,"Passenger_413, Mr/Mrs. John",male,41.0,0,0,A/5 22537,15.670059737480724,C,0,1,1,Middle-aged,Medium,Rare
414,0,3,"Passenger_414, Mr/Mrs. John",male,2.0,0,0,A/5 32419,13.59404299777034,C,0,1,1,Child,Medium,Rare
415,0,3,"Passenger_415, Mr/Mrs. John",male,76.0,0,0,A/5 52578,57.83067661748699,C,0,1,1,Senior,Very High,Rare
416,1,3,"Passenger_416, Mr/Mrs. John",female,11.0,2,0,A/5 84991,3.416941991003199,S,0,3,0,Child,Low,Rare
417,0,3,"Passenger_417, Mr/Mrs. John",male,41.0,5,0,A/5 84599,36.053773026446095,S,0,6,0,Middle-aged,High,Rare
418,0,2,"Passenger_418, Mr/Mrs. John",male,41.0,1,0,A/5 10834,9.151489279341623,S,0,2,0,Middle-aged,Low,Rare
419,0,3,"Passenger_419, Mr/Mrs. John",female,12.0,0,0,A/5 42214,0.499827041599877,S,0,1,1,Child,Low,Rare
420,1,1,"Passenger_420, Mr/Mrs. John",male,23.0,1,0,A/5 12413,5.838037961618493,S,1,2,0,Adult,Low,Rare
421,0,3,"Passenger_421, Mr/Mrs. John",male,62.0,0,0,A/5 19505,29.858713292286534,S,1,1,1,Senior,High,Rare
422,0,3,"Passenger_422, Mr/Mrs. John",male,67.0,0,0,A/5 12105,39.515814128124056,S,0,1,1,Senior,High,Rare
423,0,3,"Passenger_423, Mr/Mrs. John",female,61.0,1,0,A/5 78104,0.6810451594789864,S,0,2,0,Senior,Low,Rare
424,0,3,"Passenger_424, Mr/Mrs. John",female,45.0,0,0,A/5 68408,1.1873732164073707,S,0,1,1,Middle-aged,Low,Rare
425,1,3,"Passenger_425, Mr/Mrs. John",male,21.0,0,3,A/5 47679,74.50671812485028,S,0,4,0,Adult,Very High,Rare
426,0,3,"Passenger_426, Mr/Mrs. John",female,13.0,0,2,A/5 89731,2.4362133991470984,S,0,3,0,Teenager,Low,Rare
427,0,3,"Passenger_427, Mr/Mrs. John",male,7.0,1,1,A/5 75131,71.87315650115872,S,1,3,0,Child,Very High,Rare
428,1,1,"Passenger_428, Mr/Mrs. John",female,53.0,0,0,A/5 74280,8.287541319674714,S,0,1,1,Middle-aged,Low,Rare
429,1,1,"Passenger_429, Mr/Mrs. John",female,4.0,0,0,A/5 25762,43.10854759863109,S,0,1,1,Child,High,Rare
430,0,2,"Passenger_430, Mr/Mrs. John",female,70.0,0,0,A/5 68703,11.861669131817278,S,1,1,1,Senior,Medium,Rare
431,0,1,"Passenger_431, Mr/Mrs. John",male,76.0,1,0,A/5 91434,62.63162398894099,Q,0,2,0,Senior,Very High,Rare
432,0,3,"Passenger_432, Mr/Mrs. John",female,41.0,1,0,A/5 73079,38.575685536927146,Q,0,2,0,Middle-aged,High,Rare
433,0,1,"Passenger_433, Mr/Mrs. John",female,37.0,0,1,A/5 31577,16.44328420920655,S,0,2,0,Middle-aged,Medium,Rare
434,1,3,"Passenger_434, Mr/Mrs. John",male,70.0,0,1,A/5 11214,2.539858953033093,S,0,2,0,Senior,Low,Rare
435,0,2,"Passenger_435, Mr/Mrs. John",female,35.0,0,1,A/5 96339,42.22029899901784,Q,0,2,0,Adult,High,Rare
436,1,1,"Passenger_436, Mr/Mrs. John",male,60.0,3,0,A/5 58114,30.70142197756995,S,1,4,0,Middle-aged,High,Rare
437,1,3,"Passenger_437, Mr/Mrs. John",female,41.0,0,0,A/5 99234,0.0933108841851016,S,0,1,1,Middle-aged,Low,Rare
438,1,3,"Passenger_438, Mr/Mrs. John",male,6.0,2,0,A/5 73230,0.3028641093951927,S,0,3,0,Child,Low,Rare
439,0,3,"Passenger_439, Mr/Mrs. John",female,59.0,0,0,A/5 42980,52.940752894588925,S,0,1,1,Middle-aged,Very High,Rare
440,0,3,"Passenger_440, Mr/Mrs. John",male,29.0,1,0,A/5 77194,9.609416250181749,S,0,2,0,Adult,Low,Rare
441,0,3,"Passenger_441, Mr/Mrs. John",male,77.0,1,0,A/5 87806,32.35099833023885,C,1,2,0,Senior,High,Rare
442,1,1,"Passenger_442, Mr/Mrs. John",male,2.0,1,0,A/5 47792,19.37693089794671,S,0,2,0,Child,Medium,Rare
443,0,3,"Passenger_443, Mr/Mrs. John",male,54.0,2,0,A/5 55807,63.70937861196332,Q,0,3,0,Middle-aged,Very High,Rare
444,1,3,"Passenger_444, Mr/Mrs. John",male,38.0,0,0,A/5 32301,79.63028045016951,S,0,1,1,Middle-aged,Very High,Rare
445,1,3,"Passenger_445, Mr/Mrs. John",male,41.0,0,1,A/5 15141,183.9045628977649,Q,0,2,0,Middle-aged,Very High,Rare
446,1,1,"Passenger_446, Mr/Mrs. John",male,43.0,0,0,A/5 23777,5.339604068101342,S,1,1,1,Middle-aged,Low,Rare
447,0,3,"Passenger_447, Mr/Mrs. John",male,61.0,1,1,A/5 48346,63.6003824991468,S,1,3,0,Senior,Very High,Rare
448,1,1,"Passenger_448, Mr/Mrs. John",male,35.0,0,0,A/5 64703,9.8968119808142,S,0,1,1,Adult,Medium,Rare
449,1,1,"Passenger_449, Mr/Mrs. John",female,16.0,0,0,A/5 57819,28.59488129958457,S,0,1,1,Teenager,High,Rare
450,0,2,"Passenger_450, Mr/Mrs. John",male,35.0,0,0,A/5 38469,22.55232054482732,S,0,1,1,Adult,Medium,Rare
451,0,3,"Passenger_451, Mr/Mrs. John",female,41.0,0,0,A/5 13845,0.5808603112173009,C,0,1,1,Middle-aged,Low,Rare
452,0,3,"Passenger_452, Mr/Mrs. John",female,54.0,0,3,A/5 33290,86.38895169296245,S,0,4,0,Middle-aged,Very High,Rare
453,1,3,"Passenger_453, Mr/Mrs. John",female,48.0,0,0,A/5 40699,2.610074942208375,S,0,1,1,Middle-aged,Low,Rare
454,0,3,"Passenger_454, Mr/Mrs. John",male,38.0,1,0,A/5 54252,37.29452807113517,C,0,2,0,Middle-aged,High,Rare
455,1,2,"Passenger_455, Mr/Mrs. John",female,41.0,0,0,A/5 13293,49.18876952567955,S,0,1,1,Middle-aged,Very High,Rare
456,0,2,"Passenger_456, Mr/Mrs. John",male,49.0,0,2,A/5 67089,50.75681370465543,S,0,3,0,Middle-aged,Very High,Rare
457,0,2,"Passenger_457, Mr/Mrs. John",male,32.0,0,0,A/5 26608,4.659124278899553,S,0,1,1,Adult,Low,Rare
458,0,3,"Passenger_458, Mr/Mrs. John",male,41.0,0,0,A/5 76273,18.98971074751527,S,0,1,1,Middle-aged,Medium,Rare
459,1,1,"Passenger_459, Mr/Mrs. John",female,58.0,1,0,A/5 26619,56.59529238558305,C,0,2,0,Middle-aged,Very High,Rare
460,0,3,"Passenger_460, Mr/Mrs. John",male,69.0,1,0,A/5 88006,11.536311383746249,C,0,2,0,Senior,Medium,Rare
461,0,3,"Passenger_461, Mr/Mrs. John",male,10.0,0,0,A/5 97908,20.180463567485155,S,0,1,1,Child,Medium,Rare
462,0,2,"Passenger_462, Mr/Mrs. John",female,68.0,1,0,A/5 91653,10.1934508088507,S,1,2,0,Senior,Medium,Rare
463,1,3,"Passenger_463, Mr/Mrs. John",female,19.0,1,0,A/5 24779,19.92910595175372,S,1,2,0,Adult,Medium,Rare
464,0,3,"Passenger_464, Mr/Mrs. John",male,74.0,1,1,A/5 61040,70.00993068957656,S,0,3,0,Senior,Very High,Rare
465,0,3,"Passenger_465, Mr/Mrs. John",male,41.0,0,0,A/5 66325,19.430318628858974,C,0,1,1,Middle-aged,Medium,Rare
466,0,3,"Passenger_466, Mr/Mrs. John",female,48.0,2,0,A/5 31630,25.975442446030048,S,0,3,0,Middle-aged,High,Rare
467,0,2,"Passenger_467, Mr/Mrs. John",male,24.0,0,0,A/5 22178,16.55919422697218,S,1,1,1,Adult,Medium,Rare
468,1,2,"Passenger_468, Mr/Mrs. John",male,55.0,0,0,A/5 29935,19.724901404963056,S,0,1,1,Middle-aged,Medium,Rare
469,0,3,"Passenger_469, Mr/Mrs. John",male,63.0,0,0,A/5 57258,0.4892961687665392,S,0,1,1,Senior,Low,Rare
470,0,3,"Passenger_470, Mr/Mrs. John",female,51.0,0,0,A/5 32784,10.67903174901502,S,0,1,1,Middle-aged,Medium,Rare
471,0,1,"Passenger_471, Mr/Mrs. John",female,50.0,0,0,A/5 73722,18.35945540138738,S,1,1,1,Middle-aged,Medium,Rare
472,0,3,"Passenger_472, Mr/Mrs. John",female,42.0,0,0,A/5 33027,32.146156447146694,S,1,1,1,Middle-aged,High,Rare
473,0,3,"Passenger_473, Mr/Mrs. John",female,25.0,0,0,A/5 67853,19.1338055808732,S,0,1,1,Adult,Medium,Rare
474,1,3,"Passenger_474, Mr/Mrs. John",male,32.0,1,0,A/5 77359,13.19082853194512,C,0,2,0,Adult,Medium,Rare
475,1,1,"Passenger_475, Mr/Mrs. John",male,18.0,1,0,A/5 82388,15.717898935902555,S,0,2,0,Teenager,Medium,Rare
476,0,3,"Passenger_476, Mr/Mrs. John",male,54.0,0,0,A/5 88608,8.87868627430522,C,0,1,1,Middle-aged,Low,Rare
477,0,3,"Passenger_477, Mr/Mrs. John",male,75.0,1,0,A/5 86669,82.67350082390905,S,0,2,0,Senior,Very High,Rare
478,0,1,"Passenger_478, Mr/Mrs. John",male,41.0,1,2,A/5 25111,23.603440197913883,S,1,4,0,Middle-aged,High,Rare
479,0,1,"Passenger_479, Mr/Mrs. John",female,41.0,1,1,A/5 42312,0.4320055200963921,S,0,3,0,Middle-aged,Low,Rare
480,0,3,"Passenger_480, Mr/Mrs. John",male,54.0,0,0,A/5 34161,0.6284103828751969,S,1,1,1,Middle-aged,Low,Rare
481,1,1,"Passenger_481, Mr/Mrs. John",female,65.0,1,0,A/5 77313,115.53595180282012,S,0,2,0,Senior,Very High,Rare
482,0,3,"Passenger_482, Mr/Mrs. John",male,4.0,2,1,A/5 60374,8.01034267551799,S,0,4,0,Child,Low,Rare
483,0,3,"Passenger_483, Mr/Mrs. John",male,76.0,1,1,A/5 34014,52.41216082555323,S,1,3,0,Senior,Very High,Rare
484,1,2,"Passenger_484, Mr/Mrs. John",male,41.0,0,1,A/5 90308,1.9213535778308248,S,1,2,0,Middle-aged,Low,Rare
485,1,3,"Passenger_485, Mr/Mrs. John",male,46.0,0,0,A/5 56389,81.29182429779337,S,0,1,1,Middle-aged,Very High,Rare
486,1,2,"Passenger_486, Mr/Mrs. John",female,41.0,0,0,A/5 28161,66.39322923598216,S,0,1,1,Middle-aged,Very High,Rare
487,0,3,"Passenger_487, Mr/Mrs. John",male,41.0,0,1,A/5 17490,27.08849745565392,C,0,2,0,Middle-aged,High,Rare
488,0,2,"Passenger_488, Mr/Mrs. John",male,59.0,0,0,A/5 34502,0.2892604717479757,S,0,1,1,Middle-aged,Low,Rare
489,0,3,"Passenger_489, Mr/Mrs. John",male,12.0,0,0,A/5 45757,9.54083780901977,Q,0,1,1,Child,Low,Rare
490,1,1,"Passenger_490, Mr/Mrs. John",male,20.0,1,0,A/5 51111,16.712379129576657,S,0,2,0,Adult,Medium,Rare
491,0,2,"Passenger_491, Mr/Mrs. John",male,3.0,1,0,A/5 93245,19.721756198113557,Q,0,2,0,Child,Medium,Rare
492,0,3,"Passenger_492, Mr/Mrs. John",female,13.0,0,0,A/5 68645,11.307659863738593,S,0,1,1,Teenager,Medium,Rare
493,1,2,"Passenger_493, Mr/Mrs. John",female,41.0,2,0,A/5 69055,1.072091973463594,S,0,3,0,Middle-aged,Low,Rare
494,0,3,"Passenger_494, Mr/Mrs. John",male,66.0,0,0,A/5 18998,28.54108523960559,Q,1,1,1,Senior,High,Rare
495,1,2,"Passenger_495, Mr/Mrs. John",female,26.0,0,0,A/5 38906,23.765197109902104,C,1,1,1,Adult,High,Rare
496,0,3,"Passenger_496, Mr/Mrs. John",male,40.0,1,0,A/5 80192,10.645770387709849,S,0,2,0,Middle-aged,Medium,Rare
497,1,1,"Passenger_497, Mr/Mrs. John",male,20.0,1,0,A/5 60477,1.238907100546982,S,0,2,0,Adult,Low,Rare
498,0,3,"Passenger_498, Mr/Mrs. John",male,41.0,2,0,A/5 46901,167.0489748472631,Q,0,3,0,Middle-aged,Very High,Rare
499,0,3,"Passenger_499, Mr/Mrs. John",male,30.0,0,0,A/5 62021,21.048107863036968,C,0,1,1,Adult,Medium,Rare
500,1,1,"Passenger_500, Mr/Mrs. John",male,55.0,1,1,A/5 39092,45.13934202112104,S,0,3,0,Middle-aged,Very High,Rare
501,1,1,"Passenger_501, Mr/Mrs. John",male,62.0,0,0,A/5 11242,19.26570281461979,S,0,1,1,Senior,Medium,Rare
502,0,1,"Passenger_502, Mr/Mrs. John",male,45.0,1,0,A/5 11831,1.412155063946437,S,0,2,0,Middle-aged,Low,Rare
503,0,3,"Passenger_503, Mr/Mrs. John",male,56.0,1,0,A/5 60721,11.8555269895018,C,1,2,0,Middle-aged,Medium,Rare
504,1,2,"Passenger_504, Mr/Mrs. John",male,41.0,0,1,A/5 38511,12.346382911948108,S,0,2,0,Middle-aged,Medium,Rare
505,0,3,"Passenger_505, Mr/Mrs. John",female,73.0,0,0,A/5 82782,58.31487168044556,S,0,1,1,Senior,Very High,Rare
506,0,2,"Passenger_506, Mr/Mrs. John",male,37.0,1,0,A/5 28302,33.983404839035266,S,0,2,0,Middle-aged,High,Rare
507,1,2,"Passenger_507, Mr/Mrs. John",male,57.0,0,0,A/5 65568,10.3096566573192,Q,0,1,1,Middle-aged,Medium,Rare
508,0,3,"Passenger_508, Mr/Mrs. John",male,20.0,0,0,A/5 13232,109.88562562566584,C,0,1,1,Adult,Very High,Rare
509,0,3,"Passenger_509, Mr/Mrs. John",male,53.0,1,1,A/5 61507,12.413838586946063,Q,1,3,0,Middle-aged,Medium,Rare
510,1,1,"Passenger_510, Mr/Mrs. John",male,49.0,0,1,A/5 86508,202.84968967861693,S,0,2,0,Middle-aged,Very High,Rare
511,1,1,"Passenger_511, Mr/Mrs. John",male,42.0,1,0,A/5 20683,178.02384442440808,S,1,2,0,Middle-aged,Very High,Rare
512,1,1,"Passenger_512, Mr/Mrs. John",male,19.0,0,0,A/5 33664,6.7909316959468855,S,0,1,1,Adult,Low,Rare
513,0,3,"Passenger_513, Mr/Mrs. John",male,50.0,0,0,A/5 43172,12.00141521318283,S,0,1,1,Middle-aged,Medium,Rare
514,0,3,"Passenger_514, Mr/Mrs. John",male,58.0,1,0,A/5 93641,21.299776207808524,S,0,2,0,Middle-aged,Medium,Rare
515,1,3,"Passenger_515, Mr/Mrs. John",male,20.0,0,0,A/5 74340,34.910200973584246,S,0,1,1,Adult,High,Rare
516,0,3,"Passenger_516, Mr/Mrs. John",male,41.0,0,0,A/5 97236,24.028058432007576,S,1,1,1,Middle-aged,High,Rare
517,0,3,"Passenger_517, Mr/Mrs. John",male,32.0,1,0,A/5 21017,111.61956446524474,S,1,2,0,Adult,Very High,Rare
518,0,3,"Passenger_518, Mr/Mrs. John",male,41.0,0,0,A/5 46613,41.19408492864098,S,0,1,1,Middle-aged,High,Rare
519,1,3,"Passenger_519, Mr/Mrs. John",female,41.0,0,2,A/5 96130,7.626051398548213,S,0,3,0,Middle-aged,Low,Rare
520,0,1,"Passenger_520, Mr/Mrs. John",male,40.0,0,0,A/5 86920,3.5532979615916886,C,1,1,1,Middle-aged,Low,Rare
521,0,1,"Passenger_521, Mr/Mrs. John",male,41.0,1,1,A/5 40348,37.313251430195166,Q,0,3,0,Middle-aged,High,Rare
522,0,2,"Passenger_522, Mr/Mrs. John",male,41.0,1,0,A/5 26448,5.520407969304419,Q,0,2,0,Middle-aged,Low,Rare
523,1,1,"Passenger_523, Mr/Mrs. John",female,41.0,1,0,A/5 19491,49.58866646064485,S,0,2,0,Middle-aged,Very High,Rare
524,1,3,"Passenger_524, Mr/Mrs. John",male,64.0,0,0,A/5 88648,11.92215127901696,S,0,1,1,Senior,Medium,Rare
525,0,3,"Passenger_525, Mr/Mrs. John",male,56.0,1,0,A/5 68759,12.667243621894084,S,0,2,0,Middle-aged,Medium,Rare
526,1,1,"Passenger_526, Mr/Mrs. John",male,41.0,0,0,A/5 54553,0.3474277815666003,S,1,1,1,Middle-aged,Low,Rare
527,1,1,"Passenger_527, Mr/Mrs. John",male,49.0,1,0,A/5 10968,38.63518044459413,S,0,2,0,Middle-aged,High,Rare
528,0,3,"Passenger_528, Mr/Mrs. John",male,13.0,0,5,A/5 10368,3.846862764013689,S,1,6,0,Teenager,Low,Rare
529,1,3,"Passenger_529, Mr/Mrs. John",male,41.0,1,0,A/5 83960,47.43293789979922,S,0,2,0,Middle-aged,Very High,Rare
530,1,2,"Passenger_530, Mr/Mrs. John",female,4.0,1,0,A/5 45010,21.66443750949243,S,0,2,0,Child,Medium,Rare
531,0,3,"Passenger_531, Mr/Mrs. John",male,41.0,0,2,A/5 64154,49.08074082271044,S,1,3,0,Middle-aged,Very High,Rare
532,1,1,"Passenger_532, Mr/Mrs. John",female,22.0,0,0,A/5 45851,28.06059026700204,S,0,1,1,Adult,High,Rare
533,1,1,"Passenger_533, Mr/Mrs. John",female,11.0,1,0,A/5 35496,2.7529591569046725,Q,0,2,0,Child,Low,Rare
534,0,3,"Passenger_534, Mr/Mrs. John",male,62.0,0,0,A/5 40936,46.43038482140228,S,0,1,1,Senior,Very High,Rare
535,1,3,"Passenger_535, Mr/Mrs. John",male,41.0,2,1,A/5 88858,2.3153634699125822,S,1,4,0,Middle-aged,Low,Rare
536,1,1,"Passenger_536, Mr/Mrs. John",male,40.0,0,3,A/5 77005,20.845852407979564,S,1,4,0,Middle-aged,Medium,Rare
537,0,3,"Passenger_537, Mr/Mrs. John",male,24.0,0,3,A/5 47493,6.053247032792577,S,0,4,0,Adult,Low,Rare
538,0,3,"Passenger_538, Mr/Mrs. John",male,60.0,0,0,A/5 79795,44.661727073727135,C,1,1,1,Middle-aged,High,Rare
539,1,3,"Passenger_539, Mr/Mrs. John",female,17.0,0,1,A/5 46390,77.62509060158192,S,0,2,0,Teenager,Very High,Rare
540,0,3,"Passenger_540, Mr/Mrs. John",female,57.0,2,0,A/5 20292,25.84701582286001,S,0,3,0,Middle-aged,High,Rare
541,0,3,"Passenger_541, Mr/Mrs. John",male,53.0,0,0,A/5 38365,23.96708298958874,C,0,1,1,Middle-aged,High,Rare
542,0,3,"Passenger_542, Mr/Mrs. John",male,9.0,1,0,A/5 27207,46.200561226953965,S,1,2,0,Child,Very High,Rare
543,0,3,"Passenger_543, Mr/Mrs. John",female,41.0,0,0,A/5 32912,0.1629361274104256,S,0,1,1,Middle-aged,Low,Rare
544,1,1,"Passenger_544, Mr/Mrs. John",female,18.0,0,3,A/5 90771,79.93910311964257,S,1,4,0,Teenager,Very High,Rare
545,1,1,"Passenger_545, Mr/Mrs. John",female,40.0,0,2,A/5 66572,7.038708693954825,S,0,3,0,Middle-aged,Low,Rare
546,0,2,"Passenger_546, Mr/Mrs. John",male,15.0,0,0,A/5 29276,132.56398520361313,S,1,1,1,Teenager,Very High,Rare
547,0,3,"Passenger_547, Mr/Mrs. John",male,41.0,3,0,A/5 15534,42.64859401197964,S,0,4,0,Middle-aged,High,Rare
548,0,1,"Passenger_548, Mr/Mrs. John",male,41.0,0,0,A/5 45670,47.62662946058728,S,0,1,1,Middle-aged,Very High,Rare
549,0,3,"Passenger_549, Mr/Mrs. John",male,32.0,0,1,A/5 72147,34.16652335960943,S,0,2,0,Adult,High,Rare
550,0,3,"Passenger_550, Mr/Mrs. John",male,20.0,0,0,A/5 46486,20.416681192419787,S,0,1,1,Adult,Medium,Rare
551,1,1,"Passenger_551, Mr/Mrs. John",male,41.0,0,0,A/5 75557,27.128402758343583,S,1,1,1,Middle-aged,High,Rare
552,1,3,"Passenger_552, Mr/Mrs. John",female,77.0,0,0,A/5 44268,1.5204482917653617,S,0,1,1,Senior,Low,Rare
553,0,2,"Passenger_553, Mr/Mrs. John",male,63.0,1,0,A/5 91335,31.29787051869861,S,0,2,0,Senior,High,Rare
554,0,3,"Passenger_554, Mr/Mrs. John",male,38.0,0,0,A/5 36336,31.48037826411905,Q,0,1,1,Middle-aged,High,Rare
555,1,1,"Passenger_555, Mr/Mrs. John",male,71.0,0,2,A/5 13641,70.98404075673284,S,0,3,0,Senior,Very High,Rare
556,0,3,"Passenger_556, Mr/Mrs. John",male,41.0,0,0,A/5 97132,22.54477986886932,C,0,1,1,Middle-aged,Medium,Rare
557,1,3,"Passenger_557, Mr/Mrs. John",male,16.0,3,0,A/5 42959,2.5690392002771043,Q,1,4,0,Teenager,Low,Rare
558,0,3,"Passenger_558, Mr/Mrs. John",male,68.0,0,0,A/5 23306,11.698101264043729,S,0,1,1,Senior,Medium,Rare
559,0,3,"Passenger_559, Mr/Mrs. John",female,62.0,0,0,A/5 56182,34.11318115533546,S,0,1,1,Senior,High,Rare
560,1,3,"Passenger_560, Mr/Mrs. John",male,6.0,0,3,A/5 84123,8.750788489320769,S,0,4,0,Child,Low,Rare
561,0,3,"Passenger_561, Mr/Mrs. John",male,60.0,0,0,A/5 66326,10.535597495077988,S,0,1,1,Middle-aged,Medium,Rare
562,0,3,"Passenger_562, Mr/Mrs. John",male,54.0,0,0,A/5 31498,54.95703920468126,S,0,1,1,Middle-aged,Very High,Rare
563,0,3,"Passenger_563, Mr/Mrs. John",female,39.0,0,0,A/5 80198,28.09084480648152,S,0,1,1,Middle-aged,High,Rare
564,1,1,"Passenger_564, Mr/Mrs. John",female,77.0,1,0,A/5 37197,22.731172905910437,S,0,2,0,Senior,High,Rare
565,1,3,"Passenger_565, Mr/Mrs. John",female,63.0,0,0,A/5 30719,12.268433560097176,C,1,1,1,Senior,Medium,Rare
566,0,3,"Passenger_566, Mr/Mrs. John",male,53.0,1,0,A/5 35032,42.00884514387384,S,0,2,0,Middle-aged,High,Rare
567,0,3,"Passenger_567, Mr/Mrs. John",male,28.0,0,0,A/5 69624,10.857023634106143,S,0,1,1,Adult,Medium,Rare
568,0,1,"Passenger_568, Mr/Mrs. John",male,22.0,0,0,A/5 88177,42.74696921369984,S,0,1,1,Adult,High,Rare
569,0,3,"Passenger_569, Mr/Mrs. John",male,38.0,0,0,A/5 51964,2.3257541553869228,S,0,1,1,Middle-aged,Low,Rare
570,0,2,"Passenger_570, Mr/Mrs. John",female,72.0,0,0,A/5 40028,63.97084125257185,C,1,1,1,Senior,Very High,Rare
571,1,3,"Passenger_571, Mr/Mrs. John",male,6.0,1,0,A/5 64646,22.152975456085368,S,0,2,0,Child,Medium,Rare
572,1,1,"Passenger_572, Mr/Mrs. John",female,10.0,0,0,A/5 91187,18.46904903029413,S,1,1,1,Child,Medium,Rare
573,0,3,"Passenger_573, Mr/Mrs. John",female,59.0,0,1,A/5 18536,30.21555587479096,S,1,2,0,Middle-aged,High,Rare
574,0,3,"Passenger_574, Mr/Mrs. John",male,59.0,0,2,A/5 66747,31.31766714503612,S,1,3,0,Middle-aged,High,Rare
575,1,1,"Passenger_575, Mr/Mrs. John",female,69.0,5,0,A/5 55712,4.531330928446882,C,0,6,0,Senior,Low,Rare
576,0,3,"Passenger_576, Mr/Mrs. John",male,41.0,0,0,A/5 16273,45.16943512126105,S,0,1,1,Middle-aged,Very High,Rare
577,0,2,"Passenger_577, Mr/Mrs. John",male,41.0,2,0,A/5 81820,10.331675376626674,S,1,3,0,Middle-aged,Medium,Rare
578,0,3,"Passenger_578, Mr/Mrs. John",male,22.0,0,0,A/5 84353,75.31127060787468,Q,0,1,1,Adult,Very High,Rare
579,0,3,"Passenger_579, Mr/Mrs. John",male,45.0,0,1,A/5 95914,54.49370872540415,S,1,2,0,Middle-aged,Very High,Rare
580,0,3,"Passenger_580, Mr/Mrs. John",male,49.0,0,0,A/5 60830,13.601753651984504,C,1,1,1,Middle-aged,Medium,Rare
581,0,3,"Passenger_581, Mr/Mrs. John",male,77.0,0,0,A/5 27127,52.7648953626632,S,0,1,1,Senior,Very High,Rare
582,1,3,"Passenger_582, Mr/Mrs. John",male,36.0,0,1,A/5 93488,14.101219269252406,S,0,2,0,Middle-aged,Medium,Rare
583,0,2,"Passenger_583, Mr/Mrs. John",male,15.0,0,1,A/5 21539,3.4052496008293858,S,0,2,0,Teenager,Low,Rare
584,0,2,"Passenger_584, Mr/Mrs. John",male,41.0,2,0,A/5 56761,104.55143518792414,S,0,3,0,Middle-aged,Very High,Rare
585,0,3,"Passenger_585, Mr/Mrs. John",male,72.0,1,0,A/5 56219,33.83309523335646,S,0,2,0,Senior,High,Rare
586,0,3,"Passenger_586, Mr/Mrs. John",male,23.0,1,0,A/5 24692,19.48764807321905,S,0,2,0,Adult,Medium,Rare
587,1,3,"Passenger_587, Mr/Mrs. John",male,8.0,0,0,A/5 93656,16.227885185774955,C,1,1,1,Child,Medium,Rare
588,0,3,"Passenger_588, Mr/Mrs. John",female,59.0,0,2,A/5 23334,12.563396528853309,S,0,3,0,Middle-aged,Medium,Rare
589,1,2,"Passenger_589, Mr/Mrs. John",female,28.0,0,1,A/5 38615,127.5889878997582,S,0,2,0,Adult,Very High,Rare
590,0,3,"Passenger_590, Mr/Mrs. John",female,16.0,1,1,A/5 17903,4.631476341978476,C,0,3,0,Teenager,Low,Rare
591,1,1,"Passenger_591, Mr/Mrs. John",female,17.0,2,0,A/5 38527,12.097660662056656,S,1,3,0,Teenager,Medium,Rare
592,1,3,"Passenger_592, Mr/Mrs. John",male,13.0,0,1,A/5 25629,21.265764393289498,Q,0,2,0,Teenager,Medium,Rare
593,0,1,"Passenger_593, Mr/Mrs. John",female,13.0,0,0,A/5 68008,20.80277822580523,S,1,1,1,Teenager,Medium,Rare
594,0,2,"Passenger_594, Mr/Mrs. John",male,21.0,0,0,A/5 93276,20.39871597990848,S,1,1,1,Adult,Medium,Rare
595,1,2,"Passenger_595, Mr/Mrs. John",male,41.0,0,0,A/5 36708,6.186317569719478,S,0,1,1,Middle-aged,Low,Rare
596,1,2,"Passenger_596, Mr/Mrs. John",female,15.0,0,0,A/5 20860,5.010396719924831,S,0,1,1,Teenager,Low,Rare
597,0,3,"Passenger_597, Mr/Mrs. John",male,74.0,0,0,A/5 27438,9.409892627003636,S,0,1,1,Senior,Low,Rare
598,1,2,"Passenger_598, Mr/Mrs. John",female,53.0,1,0,A/5 77300,78.70543495218433,C,1,2,0,Middle-aged,Very High,Rare
599,1,2,"Passenger_599, Mr/Mrs. John",female,41.0,0,0,A/5 81545,3.839040453290194,S,0,1,1,Middle-aged,Low,Rare
600,1,1,"Passenger_600, Mr/Mrs. John",female,41.0,0,0,A/5 30842,45.32623245506616,C,0,1,1,Middle-aged,Very High,Rare
601,1,2,"Passenger_601, Mr/Mrs. John",female,52.0,4,0,A/5 70213,45.34250073062655,C,0,5,0,Middle-aged,Very High,Rare
602,1,1,"Passenger_602, Mr/Mrs. John",male,1.0,0,0,A/5 52372,53.10475314589473,C,0,1,1,Child,Very High,Rare
603,1,1,"Passenger_603, Mr/Mrs. John",male,75.0,0,0,A/5 78906,69.66305549520281,S,1,1,1,Senior,Very High,Rare
604,0,3,"Passenger_604, Mr/Mrs. John",male,9.0,0,1,A/5 48744,9.766927218157372,S,0,2,0,Child,Medium,Rare
605,0,3,"Passenger_605, Mr/Mrs. John",male,12.0,0,0,A/5 67442,8.138367499912597,C,1,1,1,Child,Low,Rare
606,0,3,"Passenger_606, Mr/Mrs. John",male,78.0,0,0,A/5 95990,20.0458928038839,C,0,1,1,Senior,Medium,Rare
607,0,3,"Passenger_607, Mr/Mrs. John",female,8.0,1,0,A/5 13650,9.856195365085089,Q,1,2,0,Child,Medium,Rare
608,1,2,"Passenger_608, Mr/Mrs. John",female,62.0,0,1,A/5 55117,42.41360070052773,S,0,2,0,Senior,High,Rare
609,0,3,"Passenger_609, Mr/Mrs. John",male,42.0,0,0,A/5 62772,32.333933669070056,S,1,1,1,Middle-aged,High,Rare
610,0,3,"Passenger_610, Mr/Mrs. John",male,11.0,0,0,A/5 13190,66.5389776304454,S,1,1,1,Child,Very High,Rare
611,0,3,"Passenger_611, Mr/Mrs. John",male,17.0,0,0,A/5 58113,2.76359885153574,S,0,1,1,Teenager,Low,Rare
612,0,1,"Passenger_612, Mr/Mrs. John",male,40.0,1,0,A/5 18789,78.91471666684077,C,0,2,0,Middle-aged,Very High,Rare
613,0,2,"Passenger_613, Mr/Mrs. John",female,6.0,1,0,A/5 42125,11.11097093544471,S,0,2,0,Child,Medium,Rare
614,0,2,"Passenger_614, Mr/Mrs. John",male,37.0,0,0,A/5 27459,21.590622191934614,S,1,1,1,Middle-aged,Medium,Rare
615,1,2,"Passenger_615, Mr/Mrs. John",male,54.0,1,0,A/5 45418,18.474943541012465,S,0,2,0,Middle-aged,Medium,Rare
616,0,3,"Passenger_616, Mr/Mrs. John",male,41.0,0,0,A/5 57085,45.709303864012,S,0,1,1,Middle-aged,Very High,Rare
617,1,3,"Passenger_617, Mr/Mrs. John",male,11.0,3,0,A/5 28768,17.449664386009616,S,0,4,0,Child,Medium,Rare
618,1,3,"Passenger_618, Mr/Mrs. John",male,21.0,0,0,A/5 59961,91.9825828628371,S,1,1,1,Adult,Very High,Rare
619,0,3,"Passenger_619, Mr/Mrs. John",male,63.0,3,0,A/5 91099,74.50401521975049,C,0,4,0,Senior,Very High,Rare
620,1,3,"Passenger_620, Mr/Mrs. John",male,41.0,1,0,A/5 37885,65.82351385697035,C,0,2,0,Middle-aged,Very High,Rare
621,0,3,"Passenger_621, Mr/Mrs. John",male,17.0,0,0,A/5 97421,2.365588956359032,Q,0,1,1,Teenager,Low,Rare
622,0,3,"Passenger_622, Mr/Mrs. John",male,56.0,0,0,A/5 71082,61.62936851566207,S,0,1,1,Middle-aged,Very High,Rare
623,1,1,"Passenger_623, Mr/Mrs. John",female,66.0,4,0,A/5 16895,48.69085901658246,S,1,5,0,Senior,Very High,Rare
624,0,1,"Passenger_624, Mr/Mrs. John",male,37.0,1,1,A/5 60311,3.496685688507598,S,0,3,0,Middle-aged,Low,Rare
625,0,1,"Passenger_625, Mr/Mrs. John",male,68.0,0,2,A/5 99494,3.636248832846984,S,0,3,0,Senior,Low,Rare
626,0,3,"Passenger_626, Mr/Mrs. John",male,49.0,1,0,A/5 77067,3.412943243916814,C,0,2,0,Middle-aged,Low,Rare
627,0,3,"Passenger_627, Mr/Mrs. John",female,58.0,0,0,A/5 81017,0.3647134828646924,C,1,1,1,Middle-aged,Low,Rare
628,1,2,"Passenger_628, Mr/Mrs. John",male,58.0,0,0,A/5 33932,25.455277274119997,S,1,1,1,Middle-aged,High,Rare
629,1,3,"Passenger_629, Mr/Mrs. John",female,60.0,0,1,A/5 31360,116.0521433136598,C,0,2,0,Middle-aged,Very High,Rare
630,1,1,"Passenger_630, Mr/Mrs. John",male,58.0,0,0,A/5 64847,18.47912014146648,S,0,1,1,Middle-aged,Medium,Rare
631,0,3,"Passenger_631, Mr/Mrs. John",male,56.0,1,0,A/5 95468,24.90166048334032,S,0,2,0,Middle-aged,High,Rare
632,1,2,"Passenger_632, Mr/Mrs. John",male,1.0,0,1,A/5 48931,110.11443105250363,S,0,2,0,Child,Very High,Rare
633,1,1,"Passenger_633, Mr/Mrs. John",male,41.0,1,0,A/5 65823,9.42770217293238,Q,0,2,0,Middle-aged,Low,Rare
634,0,3,"Passenger_634, Mr/Mrs. John",female,63.0,0,1,A/5 48032,62.56785136020226,S,0,2,0,Senior,Very High,Rare
635,0,2,"Passenger_635, Mr/Mrs. John",male,4.0,0,0,A/5 91426,25.296592350153023,S,0,1,1,Child,High,Rare
636,0,2,"Passenger_636, Mr/Mrs. John",male,41.0,0,0,A/5 28807,26.96810889516904,C,0,1,1,Middle-aged,High,Rare
637,0,2,"Passenger_637, Mr/Mrs. John",male,41.0,0,1,A/5 21767,13.450749387470884,S,0,2,0,Middle-aged,Medium,Rare
638,0,3,"Passenger_638, Mr/Mrs. John",male,56.0,0,0,A/5 18071,26.38681187224492,Q,1,1,1,Middle-aged,High,Rare
639,0,3,"Passenger_639, Mr/Mrs. John",male,14.0,0,0,A/5 63413,2.430574628536855,C,0,1,1,Teenager,Low,Rare
640,0,2,"Passenger_640, Mr/Mrs. John",male,34.0,0,0,A/5 36149,46.29293445132715,S,1,1,1,Adult,Very High,Rare
641,1,3,"Passenger_641, Mr/Mrs. John",female,41.0,0,2,A/5 25540,10.721156303094276,S,1,3,0,Middle-aged,Medium,Rare
642,1,3,"Passenger_642, Mr/Mrs. John",male,41.0,0,0,A/5 80248,69.94449440277192,S,1,1,1,Middle-aged,Very High,Rare
643,0,2,"Passenger_643, Mr/Mrs. John",male,41.0,0,0,A/5 95435,14.676149440847256,S,1,1,1,Middle-aged,Medium,Rare
644,1,2,"Passenger_644, Mr/Mrs. John",female,20.0,1,0,A/5 29787,4.931588569744489,C,0,2,0,Adult,Low,Rare
645,1,1,"Passenger_645, Mr/Mrs. John",male,10.0,1,0,A/5 30982,38.09081905393688,S,0,2,0,Child,High,Rare
646,1,1,"Passenger_646, Mr/Mrs. John",female,41.0,0,0,A/5 32606,5.754190905532793,C,0,1,1,Middle-aged,Low,Rare
647,0,3,"Passenger_647, Mr/Mrs. John",male,67.0,0,0,A/5 20150,44.83602778715901,S,0,1,1,Senior,Very High,Rare
648,0,1,"Passenger_648, Mr/Mrs. John",female,15.0,0,0,A/5 95929,110.25705373369784,S,0,1,1,Teenager,Very High,Rare
649,0,3,"Passenger_649, Mr/Mrs. John",male,53.0,2,2,A/5 56936,48.3871161799389,C,0,5,0,Middle-aged,Very High,Rare
650,0,3,"Passenger_650, Mr/Mrs. John",female,47.0,0,0,A/5 18593,0.7265621986255923,S,0,1,1,Middle-aged,Low,Rare
651,1,1,"Passenger_651, Mr/Mrs. John",female,50.0,0,0,A/5 27358,29.312167768383578,C,0,1,1,Middle-aged,High,Rare
652,0,3,"Passenger_652, Mr/Mrs. John",male,4.0,0,0,A/5 92143,38.04130789968902,S,0,1,1,Child,High,Rare
653,1,2,"Passenger_653, Mr/Mrs. John",female,55.0,0,0,A/5 47381,55.858935846435415,S,0,1,1,Middle-aged,Very High,Rare
654,0,3,"Passenger_654, Mr/Mrs. John",male,41.0,0,2,A/5 38074,1.8442098799867328,S,0,3,0,Middle-aged,Low,Rare
655,0,3,"Passenger_655, Mr/Mrs. John",male,66.0,1,0,A/5 30595,20.93228321138323,Q,0,2,0,Senior,Medium,Rare
656,1,3,"Passenger_656, Mr/Mrs. John",male,41.0,0,0,A/5 54194,24.528504550202666,S,0,1,1,Middle-aged,High,Rare
657,0,3,"Passenger_657, Mr/Mrs. John",male,49.0,0,0,A/5 59377,5.9288240417836855,S,0,1,1,Middle-aged,Low,Rare
658,0,1,"Passenger_658, Mr/Mrs. John",male,62.0,0,0,A/5 36853,12.4566927156573,C,1,1,1,Senior,Medium,Rare
659,1,3,"Passenger_659, Mr/Mrs. John",male,38.0,0,0,A/5 83719,18.566864428829785,C,0,1,1,Middle-aged,Medium,Rare
660,0,3,"Passenger_660, Mr/Mrs. John",male,52.0,1,0,A/5 30661,57.312571904833824,C,1,2,0,Middle-aged,Very High,Rare
661,0,3,"Passenger_661, Mr/Mrs. John",female,25.0,0,0,A/5 60493,84.82663386749113,C,0,1,1,Adult,Very High,Rare
662,1,3,"Passenger_662, Mr/Mrs. John",female,41.0,1,0,A/5 46495,31.679958657473804,S,1,2,0,Middle-aged,High,Rare
663,0,3,"Passenger_663, Mr/Mrs. John",male,41.0,0,0,A/5 23703,16.0779591500146,C,0,1,1,Middle-aged,Medium,Rare
664,1,1,"Passenger_664, Mr/Mrs. John",male,47.0,0,0,A/5 63080,9.37828027077809,S,0,1,1,Middle-aged,Low,Rare
665,1,1,"Passenger_665, Mr/Mrs. John",male,41.0,2,3,A/5 40815,128.7975075661431,S,0,6,0,Middle-aged,Very High,Rare
666,0,3,"Passenger_666, Mr/Mrs. John",male,21.0,0,0,A/5 39565,130.42300751392878,C,0,1,1,Adult,Very High,Rare
667,0,2,"Passenger_667, Mr/Mrs. John",male,23.0,1,0,A/5 73321,82.87871538573019,C,0,2,0,Adult,Very High,Rare
668,0,3,"Passenger_668, Mr/Mrs. John",male,40.0,0,0,A/5 68453,49.28750173516303,S,0,1,1,Middle-aged,Very High,Rare
669,0,3,"Passenger_669, Mr/Mrs. John",male,52.0,1,0,A/5 98478,12.61434032384325,S,0,2,0,Middle-aged,Medium,Rare
670,1,2,"Passenger_670, Mr/Mrs. John",female,41.0,0,0,A/5 43161,54.34469658264838,S,0,1,1,Middle-aged,Very High,Rare
671,1,1,"Passenger_671, Mr/Mrs. John",male,61.0,0,2,A/5 65991,16.81885114582043,S,0,3,0,Senior,Medium,Rare
672,0,3,"Passenger_672, Mr/Mrs. John",male,53.0,1,0,A/5 19716,12.661531402103408,Q,0,2,0,Middle-aged,Medium,Rare
673,0,2,"Passenger_673, Mr/Mrs. John",male,56.0,2,2,A/5 43349,43.710843748967946,S,0,5,0,Middle-aged,High,Rare
674,0,3,"Passenger_674, Mr/Mrs. John",male,41.0,1,0,A/5 57098,2.656176449332128,S,0,2,0,Middle-aged,Low,Rare
675,0,2,"Passenger_675, Mr/Mrs. John",male,69.0,1,0,A/5 10132,1.593008475380135,S,1,2,0,Senior,Low,Rare
676,1,3,"Passenger_676, Mr/Mrs. John",male,41.0,1,2,A/5 61990,19.01194733775332,Q,0,4,0,Middle-aged,Medium,Rare
677,1,1,"Passenger_677, Mr/Mrs. John",male,65.0,0,0,A/5 78921,18.878042259475624,C,0,1,1,Senior,Medium,Rare
678,1,3,"Passenger_678, Mr/Mrs. John",male,51.0,0,2,A/5 46538,72.3183556818478,S,0,3,0,Middle-aged,Very High,Rare
679,0,3,"Passenger_679, Mr/Mrs. John",female,76.0,0,0,A/5 17213,4.315202753522023,S,0,1,1,Senior,Low,Rare
680,0,3,"Passenger_680, Mr/Mrs. John",female,77.0,0,2,A/5 54223,4.210306801543843,S,1,3,0,Senior,Low,Rare
681,1,1,"Passenger_681, Mr/Mrs. John",male,63.0,0,0,A/5 78371,5.104847064133454,S,0,1,1,Senior,Low,Rare
682,1,3,"Passenger_682, Mr/Mrs. John",male,54.0,0,0,A/5 78274,0.965995163809162,C,0,1,1,Middle-aged,Low,Rare
683,0,3,"Passenger_683, Mr/Mrs. John",male,73.0,0,0,A/5 14134,2.381904394872303,S,0,1,1,Senior,Low,Rare
684,1,1,"Passenger_684, Mr/Mrs. John",male,41.0,1,0,A/5 49601,34.50966367934382,S,0,2,0,Middle-aged,High,Rare
685,0,1,"Passenger_685, Mr/Mrs. John",male,56.0,0,0,A/5 83889,18.07687401513605,C,0,1,1,Middle-aged,Medium,Rare
686,0,1,"Passenger_686, Mr/Mrs. John",male,31.0,0,0,A/5 25690,46.151774965757845,S,0,1,1,Adult,Very High,Rare
687,0,3,"Passenger_687, Mr/Mrs. John",male,41.0,0,0,A/5 11909,156.99094484835135,S,0,1,1,Middle-aged,Very High,Rare
688,0,3,"Passenger_688, Mr/Mrs. John",male,55.0,1,0,A/5 90032,34.431184351151245,S,1,2,0,Middle-aged,High,Rare
689,1,3,"Passenger_689, Mr/Mrs. John",male,1.0,1,1,A/5 22062,1.656734637717085,S,0,3,0,Child,Low,Rare
690,1,1,"Passenger_690, Mr/Mrs. John",female,63.0,0,0,A/5 85386,3.5341843416402186,S,0,1,1,Senior,Low,Rare
691,1,2,"Passenger_691, Mr/Mrs. John",female,42.0,0,0,A/5 44731,68.11731560428095,Q,1,1,1,Middle-aged,Very High,Rare
692,0,3,"Passenger_692, Mr/Mrs. John",female,22.0,0,0,A/5 15153,23.99068637247023,S,0,1,1,Adult,High,Rare
693,0,3,"Passenger_693, Mr/Mrs. John",male,8.0,0,0,A/5 20481,55.745255039463856,S,0,1,1,Child,Very High,Rare
694,0,3,"Passenger_694, Mr/Mrs. John",female,41.0,0,0,A/5 76425,62.150508198087934,S,0,1,1,Middle-aged,Very High,Rare
695,1,1,"Passenger_695, Mr/Mrs. John",male,41.0,0,0,A/5 73600,84.05053083818744,S,0,1,1,Middle-aged,Very High,Rare
696,1,3,"Passenger_696, Mr/Mrs. John",female,13.0,0,2,A/5 94981,95.75431053384138,Q,1,3,0,Teenager,Very High,Rare
697,0,2,"Passenger_697, Mr/Mrs. John",male,41.0,0,1,A/5 81997,25.897267356410083,Q,1,2,0,Middle-aged,High,Rare
698,1,2,"Passenger_698, Mr/Mrs. John",female,78.0,2,0,A/5 38205,13.345995371258594,S,0,3,0,Senior,Medium,Rare
699,0,3,"Passenger_699, Mr/Mrs. John",male,35.0,2,0,A/5 98887,104.531823630253,C,0,3,0,Adult,Very High,Rare
700,0,3,"Passenger_700, Mr/Mrs. John",female,72.0,0,0,A/5 91542,25.368342389239796,S,0,1,1,Senior,High,Rare
701,0,3,"Passenger_701, Mr/Mrs. John",female,54.0,0,0,A/5 54149,2.125114947795059,S,0,1,1,Middle-aged,Low,Rare
702,0,1,"Passenger_702, Mr/Mrs. John",male,13.0,0,0,A/5 59112,32.94060104979618,S,0,1,1,Teenager,High,Rare
703,0,1,"Passenger_703, Mr/Mrs. John",male,35.0,0,0,A/5 20940,28.350945704991137,S,0,1,1,Adult,High,Rare
704,0,3,"Passenger_704, Mr/Mrs. John",female,41.0,2,0,A/5 69010,72.36399211771425,S,0,3,0,Middle-aged,Very High,Rare
705,1,3,"Passenger_705, Mr/Mrs. John",male,58.0,0,0,A/5 86794,33.887043027625744,C,0,1,1,Middle-aged,High,Rare
706,1,2,"Passenger_706, Mr/Mrs. John",female,34.0,1,0,A/5 34485,13.73843741257661,S,0,2,0,Adult,Medium,Rare
707,1,1,"Passenger_707, Mr/Mrs. John",male,41.0,0,2,A/5 99299,108.4177882190554,S,0,3,0,Middle-aged,Very High,Rare
708,1,1,"Passenger_708, Mr/Mrs. John",male,20.0,3,0,A/5 11067,51.76218574688275,S,0,4,0,Adult,Very High,Rare
709,1,3,"Passenger_709, Mr/Mrs. John",male,59.0,0,1,A/5 30607,31.852211492208674,C,0,2,0,Middle-aged,High,Rare
710,0,1,"Passenger_710, Mr/Mrs. John",male,18.0,1,4,A/5 71597,11.091802378992522,S,1,6,0,Teenager,Medium,Rare
711,0,2,"Passenger_711, Mr/Mrs. John",female,14.0,0,0,A/5 84554,14.965466446403989,S,0,1,1,Teenager,Medium,Rare
712,0,1,"Passenger_712, Mr/Mrs. John",male,7.0,0,0,A/5 58521,35.474287666351564,S,0,1,1,Child,High,Rare
713,0,2,"Passenger_713, Mr/Mrs. John",male,15.0,0,0,A/5 25187,2.390492052806445,S,0,1,1,Teenager,Low,Rare
714,1,1,"Passenger_714, Mr/Mrs. John",male,35.0,0,3,A/5 13985,9.492141969066866,C,0,4,0,Adult,Low,Rare
715,0,3,"Passenger_715, Mr/Mrs. John",male,41.0,2,3,A/5 53052,40.0453485252843,C,0,6,0,Middle-aged,High,Rare
716,1,1,"Passenger_716, Mr/Mrs. John",female,35.0,2,0,A/5 29563,20.92678604464805,S,0,3,0,Adult,Medium,Rare
717,0,3,"Passenger_717, Mr/Mrs. John",female,48.0,1,0,A/5 57322,16.4743320588382,S,0,2,0,Middle-aged,Medium,Rare
718,0,1,"Passenger_718, Mr/Mrs. John",male,41.0,0,1,A/5 71245,5.255528045401586,S,1,2,0,Middle-aged,Low,Rare
719,0,3,"Passenger_719, Mr/Mrs. John",female,17.0,1,0,A/5 61514,18.660025781160467,S,0,2,0,Teenager,Medium,Rare
720,0,3,"Passenger_720, Mr/Mrs. John",female,50.0,0,1,A/5 28608,47.12605034949903,C,0,2,0,Middle-aged,Very High,Rare
721,0,3,"Passenger_721, Mr/Mrs. John",male,41.0,0,2,A/5 77262,9.809363657843535,S,1,3,0,Middle-aged,Medium,Rare
722,0,3,"Passenger_722, Mr/Mrs. John",female,13.0,0,0,A/5 81327,0.1732213430816515,C,0,1,1,Teenager,Low,Rare
723,0,2,"Passenger_723, Mr/Mrs. John",male,14.0,0,0,A/5 67225,35.33255213551023,S,0,1,1,Teenager,High,Rare
724,1,2,"Passenger_724, Mr/Mrs. John",male,79.0,0,0,A/5 83994,115.14187846308428,S,0,1,1,Senior,Very High,Rare
725,1,3,"Passenger_725, Mr/Mrs. John",female,68.0,0,0,A/5 27221,29.87214241405783,S,0,1,1,Senior,High,Rare
726,0,3,"Passenger_726, Mr/Mrs. John",male,16.0,0,0,A/5 58506,4.087826520907533,S,0,1,1,Teenager,Low,Rare
727,0,3,"Passenger_727, Mr/Mrs. John",female,41.0,1,1,A/5 30968,12.375716458637848,Q,0,3,0,Middle-aged,Medium,Rare
728,0,3,"Passenger_728, Mr/Mrs. John",female,28.0,0,2,A/5 92606,64.7117438547474,S,1,3,0,Adult,Very High,Rare
729,0,3,"Passenger_729, Mr/Mrs. John",male,66.0,0,2,A/5 37937,8.470575985747805,S,0,3,0,Senior,Low,Rare
730,0,3,"Passenger_730, Mr/Mrs. John",female,8.0,0,0,A/5 72435,29.942975473647337,S,1,1,1,Child,High,Rare
731,0,1,"Passenger_731, Mr/Mrs. John",male,43.0,0,1,A/5 59508,16.489202471938103,S,0,2,0,Middle-aged,Medium,Rare
732,0,3,"Passenger_732, Mr/Mrs. John",male,45.0,0,0,A/5 51831,7.455890726182043,S,0,1,1,Middle-aged,Low,Rare
733,0,3,"Passenger_733, Mr/Mrs. John",male,71.0,0,0,A/5 52933,53.72239789619256,S,0,1,1,Senior,Very High,Rare
734,1,1,"Passenger_734, Mr/Mrs. John",female,57.0,0,0,A/5 57307,43.45673272607573,S,1,1,1,Middle-aged,High,Rare
735,0,3,"Passenger_735, Mr/Mrs. John",male,30.0,1,0,A/5 58340,34.67200802460706,S,0,2,0,Adult,High,Rare
736,1,1,"Passenger_736, Mr/Mrs. John",male,18.0,0,2,A/5 96338,8.628100802274588,S,0,3,0,Teenager,Low,Rare
737,0,3,"Passenger_737, Mr/Mrs. John",female,41.0,1,0,A/5 53601,3.2954316131472634,S,1,2,0,Middle-aged,Low,Rare
738,1,1,"Passenger_738, Mr/Mrs. John",female,39.0,0,0,A/5 85956,27.468725512442035,S,0,1,1,Middle-aged,High,Rare
739,0,3,"Passenger_739, Mr/Mrs. John",female,43.0,0,0,A/5 82178,25.814855724943047,Q,0,1,1,Middle-aged,High,Rare
740,0,3,"Passenger_740, Mr/Mrs. John",male,23.0,1,0,A/5 95311,6.679334422144874,S,0,2,0,Adult,Low,Rare
741,0,2,"Passenger_741, Mr/Mrs. John",male,6.0,0,0,A/5 38754,1.8524952228043856,S,0,1,1,Child,Low,Rare
742,1,3,"Passenger_742, Mr/Mrs. John",male,4.0,0,0,A/5 53310,2.692862863782972,S,0,1,1,Child,Low,Rare
743,0,3,"Passenger_743, Mr/Mrs. John",female,6.0,1,0,A/5 79893,157.74888637596763,S,0,2,0,Child,Very High,Rare
744,1,3,"Passenger_744, Mr/Mrs. John",male,18.0,0,0,A/5 96799,48.977673959198846,S,0,1,1,Teenager,Very High,Rare
745,1,1,"Passenger_745, Mr/Mrs. John",male,73.0,1,1,A/5 58367,81.62834882024268,S,0,3,0,Senior,Very High,Rare
746,1,2,"Passenger_746, Mr/Mrs. John",female,6.0,0,0,A/5 23201,6.943391417841559,S,0,1,1,Child,Low,Rare
747,0,1,"Passenger_747, Mr/Mrs. John",male,63.0,1,0,A/5 12739,103.46211874863376,S,0,2,0,Senior,Very High,Rare
748,0,3,"Passenger_748, Mr/Mrs. John",female,11.0,0,0,A/5 23231,4.925251771592604,S,1,1,1,Child,Low,Rare
749,0,3,"Passenger_749, Mr/Mrs. John",female,4.0,0,0,A/5 52495,22.76729030510784,S,0,1,1,Child,High,Rare
750,0,3,"Passenger_750, Mr/Mrs. John",female,41.0,0,0,A/5 31168,56.64538721830781,S,0,1,1,Middle-aged,Very High,Rare
751,0,3,"Passenger_751, Mr/Mrs. John",male,32.0,0,0,A/5 42624,13.77537377040768,Q,0,1,1,Adult,Medium,Rare
752,0,3,"Passenger_752, Mr/Mrs. John",male,70.0,0,2,A/5 20635,17.698786542973025,S,0,3,0,Senior,Medium,Rare
753,0,3,"Passenger_753, Mr/Mrs. John",female,65.0,0,0,A/5 19964,4.389701121963536,C,0,1,1,Senior,Low,Rare
754,1,1,"Passenger_754, Mr/Mrs. John",female,11.0,0,1,A/5 37785,4.197094853729348,C,0,2,0,Child,Low,Rare
755,0,3,"Passenger_755, Mr/Mrs. John",female,3.0,0,5,A/5 92797,30.92634946314717,S,0,6,0,Child,High,Rare
756,1,1,"Passenger_756, Mr/Mrs. John",male,76.0,0,0,A/5 94790,36.01822390488405,S,0,1,1,Senior,High,Rare
757,0,3,"Passenger_757, Mr/Mrs. John",female,18.0,2,0,A/5 86928,48.06642287516104,S,0,3,0,Teenager,Very High,Rare
758,0,3,"Passenger_758, Mr/Mrs. John",female,41.0,0,0,A/5 22336,26.03097767468411,S,0,1,1,Middle-aged,High,Rare
759,1,3,"Passenger_759, Mr/Mrs. John",female,23.0,0,2,A/5 87475,33.20891620980885,S,1,3,0,Adult,High,Rare
760,0,1,"Passenger_760, Mr/Mrs. John",female,41.0,0,2,A/5 37412,0.4355027753998337,S,0,3,0,Middle-aged,Low,Rare
761,0,2,"Passenger_761, Mr/Mrs. John",female,69.0,0,0,A/5 92212,5.6621097895506605,C,0,1,1,Senior,Low,Rare
762,0,2,"Passenger_762, Mr/Mrs. John",male,30.0,2,1,A/5 85379,134.2092446564455,S,1,4,0,Adult,Very High,Rare
763,0,2,"Passenger_763, Mr/Mrs. John",male,25.0,0,0,A/5 55591,2.5291577461897248,S,0,1,1,Adult,Low,Rare
764,1,1,"Passenger_764, Mr/Mrs. John",male,58.0,2,3,A/5 71750,36.34094814879337,S,0,6,0,Middle-aged,High,Rare
765,0,3,"Passenger_765, Mr/Mrs. John",male,41.0,0,2,A/5 45454,6.197921181017694,S,0,3,0,Middle-aged,Low,Rare
766,0,3,"Passenger_766, Mr/Mrs. John",male,41.0,1,0,A/5 72672,40.36206332297254,S,1,2,0,Middle-aged,High,Rare
767,1,2,"Passenger_767, Mr/Mrs. John",male,41.0,0,0,A/5 37228,39.1725718140739,S,0,1,1,Middle-aged,High,Rare
768,1,2,"Passenger_768, Mr/Mrs. John",male,10.0,1,0,A/5 24429,8.538656390030184,S,0,2,0,Child,Low,Rare
769,0,2,"Passenger_769, Mr/Mrs. John",male,11.0,0,0,A/5 94294,10.054721511113089,S,0,1,1,Child,Medium,Rare
770,0,3,"Passenger_770, Mr/Mrs. John",male,45.0,0,1,A/5 77808,34.03348750219458,S,0,2,0,Middle-aged,High,Rare
771,1,3,"Passenger_771, Mr/Mrs. John",female,64.0,0,0,A/5 92886,15.821996126193511,S,0,1,1,Senior,Medium,Rare
772,0,3,"Passenger_772, Mr/Mrs. John",female,2.0,0,0,A/5 63015,6.923252186832529,C,1,1,1,Child,Low,Rare
773,0,3,"Passenger_773, Mr/Mrs. John",male,42.0,2,0,A/5 98074,42.098351540228016,S,1,3,0,Middle-aged,High,Rare
774,0,3,"Passenger_774, Mr/Mrs. John",female,75.0,0,3,A/5 78936,5.357130023353187,S,1,4,0,Senior,Low,Rare
775,0,3,"Passenger_775, Mr/Mrs. John",male,18.0,0,0,A/5 90907,61.935055408822585,S,1,1,1,Teenager,Very High,Rare
776,1,1,"Passenger_776, Mr/Mrs. John",male,59.0,1,0,A/5 67378,23.133607244171888,S,0,2,0,Middle-aged,High,Rare
777,0,3,"Passenger_777, Mr/Mrs. John",male,6.0,0,0,A/5 47310,3.574869276282769,S,0,1,1,Child,Low,Rare
778,0,1,"Passenger_778, Mr/Mrs. John",male,47.0,2,3,A/5 93683,37.90101084995401,C,1,6,0,Middle-aged,High,Rare
779,0,3,"Passenger_779, Mr/Mrs. John",female,42.0,1,1,A/5 78827,23.4312648304192,S,0,3,0,Middle-aged,High,Rare
780,1,2,"Passenger_780, Mr/Mrs. John",female,77.0,0,0,A/5 45256,11.324924461540403,S,0,1,1,Senior,Medium,Rare
781,1,3,"Passenger_781, Mr/Mrs. John",male,2.0,1,0,A/5 86428,17.57168095280349,S,0,2,0,Child,Medium,Rare
782,1,3,"Passenger_782, Mr/Mrs. John",male,41.0,0,0,A/5 48889,11.337699422444116,S,0,1,1,Middle-aged,Medium,Rare
783,0,3,"Passenger_783, Mr/Mrs. John",male,79.0,0,0,A/5 61428,9.766478166053869,C,1,1,1,Senior,Medium,Rare
784,1,3,"Passenger_784, Mr/Mrs. John",male,7.0,0,0,A/5 47207,5.717068142102208,C,1,1,1,Child,Low,Rare
785,0,2,"Passenger_785, Mr/Mrs. John",male,41.0,0,2,A/5 60255,14.419843908501282,S,0,3,0,Middle-aged,Medium,Rare
786,0,1,"Passenger_786, Mr/Mrs. John",male,63.0,1,0,A/5 15409,9.247974866907658,S,0,2,0,Senior,Low,Rare
787,0,2,"Passenger_787, Mr/Mrs. John",female,41.0,2,1,A/5 52438,36.80720214038491,C,1,4,0,Middle-aged,High,Rare
788,0,1,"Passenger_788, Mr/Mrs. John",female,43.0,0,0,A/5 17869,36.85193861884506,S,0,1,1,Middle-aged,High,Rare
789,0,3,"Passenger_789, Mr/Mrs. John",male,36.0,0,0,A/5 66862,22.29870257027645,S,0,1,1,Middle-aged,Medium,Rare
790,0,2,"Passenger_790, Mr/Mrs. John",female,69.0,2,0,A/5 97937,48.154497666045295,S,0,3,0,Senior,Very High,Rare
791,1,3,"Passenger_791, Mr/Mrs. John",male,41.0,0,0,A/5 35958,58.911678722084815,S,0,1,1,Middle-aged,Very High,Rare
792,0,3,"Passenger_792, Mr/Mrs. John",male,41.0,0,0,A/5 86302,27.742229392556485,C,0,1,1,Middle-aged,High,Rare
793,0,3,"Passenger_793, Mr/Mrs. John",male,41.0,0,0,A/5 29768,30.87314373951624,S,0,1,1,Middle-aged,High,Rare
794,0,1,"Passenger_794, Mr/Mrs. John",male,30.0,1,0,A/5 36145,10.640650540932892,S,0,2,0,Adult,Medium,Rare
795,1,3,"Passenger_795, Mr/Mrs. John",female,14.0,0,0,A/5 85622,72.08159988825759,S,0,1,1,Teenager,Very High,Rare
796,1,3,"Passenger_796, Mr/Mrs. John",male,52.0,1,0,A/5 36442,0.7841224302331138,S,0,2,0,Middle-aged,Low,Rare
797,0,3,"Passenger_797, Mr/Mrs. John",male,37.0,1,5,A/5 91948,13.71632566799509,S,0,7,0,Middle-aged,Medium,Rare
798,1,3,"Passenger_798, Mr/Mrs. John",male,15.0,0,0,A/5 35596,40.94132847264654,S,1,1,1,Teenager,High,Rare
799,0,3,"Passenger_799, Mr/Mrs. John",male,46.0,0,1,A/5 85791,2.671325017381158,S,0,2,0,Middle-aged,Low,Rare
800,1,1,"Passenger_800, Mr/Mrs. John",female,77.0,1,0,A/5 52406,6.474358578094411,S,1,2,0,Senior,Low,Rare
801,1,3,"Passenger_801, Mr/Mrs. John",male,64.0,0,1,A/5 50524,28.475440251628054,S,0,2,0,Senior,High,Rare
802,0,2,"Passenger_802, Mr/Mrs. John",male,55.0,1,0,A/5 33332,26.270917412348695,C,0,2,0,Middle-aged,High,Rare
803,1,1,"Passenger_803, Mr/Mrs. John",male,41.0,2,1,A/5 25764,42.9747258215206,S,0,4,0,Middle-aged,High,Rare
804,0,2,"Passenger_804, Mr/Mrs. John",male,41.0,0,0,A/5 37563,53.58647538857318,S,1,1,1,Middle-aged,Very High,Rare
805,1,1,"Passenger_805, Mr/Mrs. John",male,36.0,1,0,A/5 97675,4.404183369927091,Q,0,2,0,Middle-aged,Low,Rare
806,0,1,"Passenger_806, Mr/Mrs. John",female,16.0,1,0,A/5 46370,0.5936646145064207,Q,0,2,0,Teenager,Low,Rare
807,1,1,"Passenger_807, Mr/Mrs. John",male,41.0,1,0,A/5 15062,37.44056304681544,Q,1,2,0,Middle-aged,High,Rare
808,0,3,"Passenger_808, Mr/Mrs. John",female,30.0,0,0,A/5 54645,11.477286491422342,S,0,1,1,Adult,Medium,Rare
809,0,3,"Passenger_809, Mr/Mrs. John",female,34.0,0,0,A/5 17244,31.47060709049553,S,0,1,1,Adult,High,Rare
810,0,3,"Passenger_810, Mr/Mrs. John",female,41.0,0,0,A/5 16372,5.22111445332509,S,0,1,1,Middle-aged,Low,Rare
811,1,2,"Passenger_811, Mr/Mrs. John",male,22.0,0,1,A/5 95501,20.258197697096364,S,0,2,0,Adult,Medium,Rare
812,1,2,"Passenger_812, Mr/Mrs. John",male,36.0,0,0,A/5 74471,22.46515398393783,Q,0,1,1,Middle-aged,Medium,Rare
813,0,3,"Passenger_813, Mr/Mrs. John",male,41.0,1,0,A/5 26956,28.14925714133,Q,1,2,0,Middle-aged,High,Rare
814,1,2,"Passenger_814, Mr/Mrs. John",female,41.0,0,0,A/5 50473,23.034890443545727,S,0,1,1,Middle-aged,High,Rare
815,1,1,"Passenger_815, Mr/Mrs. John",male,79.0,0,0,A/5 23894,21.906100733529826,C,0,1,1,Senior,Medium,Rare
816,0,3,"Passenger_816, Mr/Mrs. John",male,9.0,0,0,A/5 79586,12.946135767519548,C,0,1,1,Child,Medium,Rare
817,1,1,"Passenger_817, Mr/Mrs. John",male,50.0,1,0,A/5 26709,2.3628982431215,S,0,2,0,Middle-aged,Low,Rare
818,0,3,"Passenger_818, Mr/Mrs. John",male,20.0,0,2,A/5 91258,3.001073988952996,S,1,3,0,Adult,Low,Rare
819,0,3,"Passenger_819, Mr/Mrs. John",male,75.0,0,1,A/5 25210,18.200625157102035,S,1,2,0,Senior,Medium,Rare
820,0,1,"Passenger_820, Mr/Mrs. John",male,58.0,0,1,A/5 59510,14.07153197982391,S,0,2,0,Middle-aged,Medium,Rare
821,0,1,"Passenger_821, Mr/Mrs. John",female,41.0,1,0,A/5 48674,23.230365859671167,S,0,2,0,Middle-aged,High,Rare
822,1,3,"Passenger_822, Mr/Mrs. John",male,77.0,0,1,A/5 27733,11.635539537014838,S,0,2,0,Senior,Medium,Rare
823,0,3,"Passenger_823, Mr/Mrs. John",male,7.0,0,0,A/5 30080,37.26284685672879,S,1,1,1,Child,High,Rare
824,0,1,"Passenger_824, Mr/Mrs. John",male,41.0,2,0,A/5 63412,63.832584233689424,Q,0,3,0,Middle-aged,Very High,Rare
825,0,3,"Passenger_825, Mr/Mrs. John",male,41.0,1,0,A/5 68971,11.361671846655408,S,0,2,0,Middle-aged,Medium,Rare
826,1,1,"Passenger_826, Mr/Mrs. John",male,35.0,2,0,A/5 49709,6.861177415304772,C,1,3,0,Adult,Low,Rare
827,0,3,"Passenger_827, Mr/Mrs. John",female,61.0,0,0,A/5 69846,3.952080215313714,S,0,1,1,Senior,Low,Rare
828,0,3,"Passenger_828, Mr/Mrs. John",male,53.0,0,0,A/5 75480,30.648784297949373,C,0,1,1,Middle-aged,High,Rare
829,1,1,"Passenger_829, Mr/Mrs. John",female,59.0,1,0,A/5 62960,18.77529630491342,S,0,2,0,Middle-aged,Medium,Rare
830,1,1,"Passenger_830, Mr/Mrs. John",male,2.0,0,0,A/5 51152,6.664777445147426,C,1,1,1,Child,Low,Rare
831,1,1,"Passenger_831, Mr/Mrs. John",male,17.0,1,0,A/5 37250,33.88238786431328,S,0,2,0,Teenager,High,Rare
832,1,2,"Passenger_832, Mr/Mrs. John",female,16.0,0,0,A/5 95765,5.143552935277616,S,1,1,1,Teenager,Low,Rare
833,0,1,"Passenger_833, Mr/Mrs. John",male,31.0,0,0,A/5 58137,25.85954504687574,S,0,1,1,Adult,High,Rare
834,0,3,"Passenger_834, Mr/Mrs. John",male,1.0,0,0,A/5 92011,23.967156573760462,S,1,1,1,Child,High,Rare
835,1,1,"Passenger_835, Mr/Mrs. John",male,41.0,0,1,A/5 56412,42.403703441693175,S,0,2,0,Middle-aged,High,Rare
836,0,3,"Passenger_836, Mr/Mrs. John",male,41.0,0,0,A/5 53876,1.8139641382591216,Q,0,1,1,Middle-aged,Low,Rare
837,0,3,"Passenger_837, Mr/Mrs. John",female,50.0,0,0,A/5 83664,70.01992043987616,S,0,1,1,Middle-aged,Very High,Rare
838,0,3,"Passenger_838, Mr/Mrs. John",male,75.0,3,0,A/5 60227,38.8478490392304,S,0,4,0,Senior,High,Rare
839,0,3,"Passenger_839, Mr/Mrs. John",female,65.0,0,0,A/5 42450,7.792223479259488,S,0,1,1,Senior,Low,Rare
840,0,2,"Passenger_840, Mr/Mrs. John",female,53.0,0,1,A/5 94433,6.483598399066959,S,0,2,0,Middle-aged,Low,Rare
841,0,3,"Passenger_841, Mr/Mrs. John",male,2.0,1,0,A/5 83704,18.0811463867002,S,1,2,0,Child,Medium,Rare
842,1,3,"Passenger_842, Mr/Mrs. John",female,4.0,0,0,A/5 16861,54.44362048491407,C,0,1,1,Child,Very High,Rare
843,0,2,"Passenger_843, Mr/Mrs. John",male,41.0,0,1,A/5 71914,59.2381122979661,S,1,2,0,Middle-aged,Very High,Rare
844,1,1,"Passenger_844, Mr/Mrs. John",female,41.0,1,0,A/5 73888,23.51743420018544,S,0,2,0,Middle-aged,High,Rare
845,0,3,"Passenger_845, Mr/Mrs. John",male,43.0,0,0,A/5 89286,63.1014902614234,S,1,1,1,Middle-aged,Very High,Rare
846,1,2,"Passenger_846, Mr/Mrs. John",female,67.0,1,0,A/5 71293,0.1746745654393744,S,0,2,0,Senior,Low,Rare
847,0,1,"Passenger_847, Mr/Mrs. John",male,27.0,1,0,A/5 92524,1.1458610987861326,S,0,2,0,Adult,Low,Rare
848,1,2,"Passenger_848, Mr/Mrs. John",male,66.0,3,0,A/5 78515,77.70858149624107,Q,0,4,0,Senior,Very High,Rare
849,0,2,"Passenger_849, Mr/Mrs. John",male,2.0,0,0,A/5 33524,47.78019871868344,C,1,1,1,Child,Very High,Rare
850,1,3,"Passenger_850, Mr/Mrs. John",female,30.0,0,5,A/5 17065,19.171890167425307,S,0,6,0,Adult,Medium,Rare
851,0,3,"Passenger_851, Mr/Mrs. John",male,28.0,0,0,A/5 47684,44.82688531774248,Q,0,1,1,Adult,Very High,Rare
852,1,3,"Passenger_852, Mr/Mrs. John",male,10.0,0,0,A/5 98720,99.69295943345436,C,1,1,1,Child,Very High,Rare
853,0,1,"Passenger_853, Mr/Mrs. John",female,40.0,1,0,A/5 43365,47.32167602356706,C,1,2,0,Middle-aged,Very High,Rare
854,1,2,"Passenger_854, Mr/Mrs. John",female,42.0,0,2,A/5 68876,59.12042323465542,S,0,3,0,Middle-aged,Very High,Rare
855,0,3,"Passenger_855, Mr/Mrs. John",female,22.0,0,1,A/5 33704,45.74870327752675,S,1,2,0,Adult,Very High,Rare
856,1,1,"Passenger_856, Mr/Mrs. John",female,41.0,1,0,A/5 67857,5.893650791031535,S,0,2,0,Middle-aged,Low,Rare
857,1,2,"Passenger_857, Mr/Mrs. John",female,27.0,0,0,A/5 15622,57.382565492056656,S,0,1,1,Adult,Very High,Rare
858,0,3,"Passenger_858, Mr/Mrs. John",female,34.0,0,0,A/5 93797,6.945542107377038,S,0,1,1,Adult,Low,Rare
859,0,1,"Passenger_859, Mr/Mrs. John",male,41.0,0,0,A/5 97700,71.40161848773337,C,0,1,1,Middle-aged,Very High,Rare
860,1,3,"Passenger_860, Mr/Mrs. John",male,12.0,1,0,A/5 89332,19.63805027062942,C,0,2,0,Child,Medium,Rare
861,0,1,"Passenger_861, Mr/Mrs. John",female,76.0,0,0,A/5 76201,36.16099149056775,S,1,1,1,Senior,High,Rare
862,1,1,"Passenger_862, Mr/Mrs. John",male,41.0,1,0,A/5 42694,22.004609484127805,S,0,2,0,Middle-aged,Medium,Rare
863,0,2,"Passenger_863, Mr/Mrs. John",male,48.0,0,2,A/5 99766,3.158590761850226,S,0,3,0,Middle-aged,Low,Rare
864,0,3,"Passenger_864, Mr/Mrs. John",male,41.0,1,0,A/5 32995,10.992261166717752,S,0,2,0,Middle-aged,Medium,Rare
865,0,3,"Passenger_865, Mr/Mrs. John",female,65.0,1,2,A/5 90141,131.7934821158139,S,0,4,0,Senior,Very High,Rare
866,0,3,"Passenger_866, Mr/Mrs. John",male,36.0,0,0,A/5 92999,103.58099811607929,S,1,1,1,Middle-aged,Very High,Rare
867,1,3,"Passenger_867, Mr/Mrs. John",male,41.0,0,0,A/5 18419,12.364120423841548,S,0,1,1,Middle-aged,Medium,Rare
868,1,1,"Passenger_868, Mr/Mrs. John",male,31.0,0,0,A/5 57952,179.15389166767193,S,0,1,1,Adult,Very High,Rare
869,0,3,"Passenger_869, Mr/Mrs. John",male,66.0,1,0,A/5 43837,59.77256319988739,S,0,2,0,Senior,Very High,Rare
870,0,3,"Passenger_870, Mr/Mrs. John",male,41.0,0,0,A/5 80799,30.210298438822303,S,0,1,1,Middle-aged,High,Rare
871,0,3,"Passenger_871, Mr/Mrs. John",male,28.0,0,0,A/5 58877,1.3104581029935083,S,1,1,1,Adult,Low,Rare
872,0,1,"Passenger_872, Mr/Mrs. John",male,41.0,0,0,A/5 55687,74.14909039372075,S,0,1,1,Middle-aged,Very High,Rare
873,0,3,"Passenger_873, Mr/Mrs. John",female,41.0,0,0,A/5 47276,26.084960205841725,C,0,1,1,Middle-aged,High,Rare
874,1,1,"Passenger_874, Mr/Mrs. John",male,78.0,0,1,A/5 44523,64.91414669226366,S,0,2,0,Senior,Very High,Rare
875,1,2,"Passenger_875, Mr/Mrs. John",female,14.0,0,0,A/5 76055,57.54738871471788,S,0,1,1,Teenager,Very High,Rare
876,0,3,"Passenger_876, Mr/Mrs. John",female,58.0,0,0,A/5 64615,57.273557888989245,C,0,1,1,Middle-aged,Very High,Rare
877,0,3,"Passenger_877, Mr/Mrs. John",male,70.0,1,0,A/5 20514,38.332932003721865,Q,0,2,0,Senior,High,Rare
878,0,2,"Passenger_878, Mr/Mrs. John",female,36.0,0,2,A/5 57456,11.02353443150488,S,0,3,0,Middle-aged,Medium,Rare
879,0,2,"Passenger_879, Mr/Mrs. John",male,61.0,0,0,A/5 17233,13.110864341141427,S,0,1,1,Senior,Medium,Rare
880,1,3,"Passenger_880, Mr/Mrs. John",female,33.0,2,0,A/5 11102,11.803123398765788,S,0,3,0,Adult,Medium,Rare
881,0,3,"Passenger_881, Mr/Mrs. John",male,20.0,1,0,A/5 76133,0.6479886949661203,S,0,2,0,Adult,Low,Rare
882,0,3,"Passenger_882, Mr/Mrs. John",female,67.0,2,0,A/5 56715,27.95634561041065,S,0,3,0,Senior,High,Rare
883,0,3,"Passenger_883, Mr/Mrs. John",male,16.0,0,3,A/5 95193,38.4029624631852,C,0,4,0,Teenager,High,Rare
884,0,3,"Passenger_884, Mr/Mrs. John",male,68.0,0,0,A/5 16256,61.54339922162551,S,0,1,1,Senior,Very High,Rare
885,1,2,"Passenger_885, Mr/Mrs. John",male,78.0,0,0,A/5 74800,4.832488724400362,C,0,1,1,Senior,Low,Rare
886,0,3,"Passenger_886, Mr/Mrs. John",female,78.0,1,0,A/5 51548,25.141254164501987,Q,0,2,0,Senior,High,Rare
887,1,2,"Passenger_887, Mr/Mrs. John",female,16.0,0,0,A/5 82090,0.2572920977700546,S,0,1,1,Teenager,Low,Rare
888,0,2,"Passenger_888, Mr/Mrs. John",male,14.0,0,2,A/5 88200,3.197562200635043,S,0,3,0,Teenager,Low,Rare
889,0,3,"Passenger_889, Mr/Mrs. John",male,41.0,0,0,A/5 52367,1.7835701141994842,S,0,1,1,Middle-aged,Low,Rare
890,1,1,"Passenger_890, Mr/Mrs. John",male,41.0,0,0,A/5 99922,41.367167981843856,S,0,1,1,Middle-aged,High,Rare
891,0,3,"Passenger_891, Mr/Mrs. John",female,17.0,0,0,A/5 80382,2.7050871207024887,S,0,1,1,Teenager,Low,Rare
