PassengerId,Survived,Pclass,Name,Sex,Age,SibSp,Parch,Ticket,Fare,Cabin,Embarked
1,0,3,"Passenger_1, Mr/Mrs. John",male,,1,0,A/5 16749,30.64766764199713,,S
2,0,3,"Passenger_2, Mr/Mrs. John",male,13.0,2,0,A/5 56531,21.103279628338083,,S
3,1,2,"Passenger_3, Mr/Mrs. John",female,,0,0,A/5 30608,15.834576922916895,,Q
4,0,3,"Passenger_4, Mr/Mrs. John",female,,0,2,A/5 90986,76.72266538665829,,S
5,1,1,"Passenger_5, Mr/Mrs. John",male,44.0,0,0,A/5 79211,0.9458016250704478,,C
6,0,2,"Passenger_6, Mr/Mrs. John",male,,1,2,A/5 93996,46.90573118011171,,S
7,1,3,"Passenger_7, Mr/Mrs. John",male,13.0,1,1,A/5 66017,74.29969563250063,,S
8,0,1,"Passenger_8, Mr/Mrs. John",male,24.0,0,0,A/5 67676,18.919386630937797,,C
9,1,1,"Passenger_9, Mr/Mrs. John",male,14.0,0,0,A/5 21560,25.601385604624852,,Q
10,1,1,"Passenger_10, Mr/Mrs. John",female,25.0,1,0,A/5 64401,92.502982392861,D146,Q
11,1,1,"Passenger_11, Mr/Mrs. John",male,17.0,0,0,A/5 60468,7.635501693162346,E7,C
12,0,1,"Passenger_12, Mr/Mrs. John",female,24.0,0,0,A/5 42463,23.496004717887864,,Q
13,1,3,"Passenger_13, Mr/Mrs. John",male,25.0,0,0,A/5 41663,20.602431071924148,,S
14,0,2,"Passenger_14, Mr/Mrs. John",male,60.0,0,0,A/5 78706,9.565931228951305,,S
15,0,3,"Passenger_15, Mr/Mrs. John",female,65.0,1,0,A/5 68773,54.62442954292244,,S
16,0,3,"Passenger_16, Mr/Mrs. John",male,28.0,2,0,A/5 43123,73.55516786171734,,S
17,0,2,"Passenger_17, Mr/Mrs. John",male,58.0,0,0,A/5 19718,48.73443190334951,,S
18,0,2,"Passenger_18, Mr/Mrs. John",male,53.0,0,1,A/5 72637,6.955488483535362,,S
19,1,2,"Passenger_19, Mr/Mrs. John",female,,0,0,A/5 10028,2.903811814238325,,S
20,1,3,"Passenger_20, Mr/Mrs. John",female,34.0,0,0,A/5 72370,29.75985366198753,A4,Q
21,0,2,"Passenger_21, Mr/Mrs. John",male,,0,0,A/5 57599,1.8812636717937197,,C
22,0,3,"Passenger_22, Mr/Mrs. John",male,25.0,0,0,A/5 27397,35.75240956460333,,S
23,0,2,"Passenger_23, Mr/Mrs. John",male,58.0,0,0,A/5 55406,24.18961882574136,,S
24,0,3,"Passenger_24, Mr/Mrs. John",female,57.0,0,0,A/5 57657,34.78517576920539,E173,S
25,1,2,"Passenger_25, Mr/Mrs. John",female,16.0,0,0,A/5 77560,28.54447126879127,G87,S
26,1,2,"Passenger_26, Mr/Mrs. John",male,77.0,0,0,A/5 23503,17.58072537165783,,S
27,0,3,"Passenger_27, Mr/Mrs. John",male,51.0,0,2,A/5 64943,7.175700097861665,,S
28,0,3,"Passenger_28, Mr/Mrs. John",male,,0,2,A/5 85839,11.675334765907055,,S
29,1,1,"Passenger_29, Mr/Mrs. John",female,72.0,3,0,A/5 92674,23.78846734746584,,S
30,0,3,"Passenger_30, Mr/Mrs. John",female,59.0,0,0,A/5 35345,33.76556255306033,,S
31,0,3,"Passenger_31, Mr/Mrs. John",male,67.0,0,0,A/5 60390,48.37697811613928,,C
32,1,3,"Passenger_32, Mr/Mrs. John",male,29.0,1,0,A/5 69557,46.63839331764772,,C
33,0,3,"Passenger_33, Mr/Mrs. John",male,28.0,5,0,A/5 75054,115.21460246460991,,C
34,1,2,"Passenger_34, Mr/Mrs. John",female,44.0,0,0,A/5 11906,10.772808979163985,,S
35,0,1,"Passenger_35, Mr/Mrs. John",male,,1,2,A/5 50167,2.360502927942009,,S
36,1,2,"Passenger_36, Mr/Mrs. John",female,9.0,0,0,A/5 17961,13.571952053394131,,C
37,1,3,"Passenger_37, Mr/Mrs. John",male,56.0,0,0,A/5 36140,43.51442140898395,,C
38,1,3,"Passenger_38, Mr/Mrs. John",male,50.0,0,0,A/5 68701,18.44646771662216,,S
39,1,2,"Passenger_39, Mr/Mrs. John",male,32.0,0,0,A/5 87567,54.48277752834204,,C
40,1,1,"Passenger_40, Mr/Mrs. John",male,,1,0,A/5 90664,25.50437917764862,,S
41,0,3,"Passenger_41, Mr/Mrs. John",male,59.0,0,3,A/5 91199,85.00125003695874,,C
42,0,3,"Passenger_42, Mr/Mrs. John",female,71.0,0,0,A/5 91218,94.52444439085184,,C
43,0,3,"Passenger_43, Mr/Mrs. John",male,,0,0,A/5 90729,2.2983401388631974,,S
44,0,1,"Passenger_44, Mr/Mrs. John",male,10.0,0,0,A/5 38561,19.50612225739422,A160,S
45,0,2,"Passenger_45, Mr/Mrs. John",male,11.0,0,0,A/5 60568,30.10597051741227,,S
46,1,1,"Passenger_46, Mr/Mrs. John",female,72.0,1,0,A/5 83302,9.457374166699436,D72,S
47,0,3,"Passenger_47, Mr/Mrs. John",female,28.0,1,0,A/5 39504,16.72609166573847,,S
48,0,1,"Passenger_48, Mr/Mrs. John",male,65.0,1,0,A/5 47146,36.23088702203692,,S
49,0,3,"Passenger_49, Mr/Mrs. John",female,52.0,1,1,A/5 50297,8.228239013592828,B19,S
50,0,2,"Passenger_50, Mr/Mrs. John",male,54.0,0,0,A/5 96394,29.480205535111292,,S
51,0,3,"Passenger_51, Mr/Mrs. John",male,47.0,1,0,A/5 78607,38.25604952012675,,S
52,0,3,"Passenger_52, Mr/Mrs. John",female,,0,0,A/5 26939,3.0353992020104057,F17,S
53,0,3,"Passenger_53, Mr/Mrs. John",female,26.0,0,1,A/5 60715,22.02297539532514,,C
54,1,1,"Passenger_54, Mr/Mrs. John",female,,0,0,A/5 54460,9.76883140671804,,Q
55,0,1,"Passenger_55, Mr/Mrs. John",male,,0,0,A/5 76576,41.24016750495174,,C
56,1,1,"Passenger_56, Mr/Mrs. John",male,75.0,0,0,A/5 78222,6.7255176618845685,,C
57,1,3,"Passenger_57, Mr/Mrs. John",female,,0,0,A/5 22666,71.2905409122668,,S
58,0,3,"Passenger_58, Mr/Mrs. John",male,38.0,1,0,A/5 72119,18.040696028971734,,S
59,0,3,"Passenger_59, Mr/Mrs. John",male,15.0,0,1,A/5 45321,7.06081438595542,,S
60,0,3,"Passenger_60, Mr/Mrs. John",male,21.0,0,0,A/5 11779,18.441350828225865,,S
61,1,3,"Passenger_61, Mr/Mrs. John",male,6.0,2,0,A/5 23186,16.81618528225869,,S
62,0,1,"Passenger_62, Mr/Mrs. John",male,62.0,0,0,A/5 26459,17.927172866091265,,S
63,0,3,"Passenger_63, Mr/Mrs. John",female,74.0,0,1,A/5 96246,28.186566037642965,E4,S
64,0,2,"Passenger_64, Mr/Mrs. John",male,,0,0,A/5 97755,23.56535775514083,,S
65,0,2,"Passenger_65, Mr/Mrs. John",male,3.0,0,0,A/5 15057,5.192216506982453,,C
66,0,3,"Passenger_66, Mr/Mrs. John",male,,0,0,A/5 70663,2.1705046589034747,,S
67,1,1,"Passenger_67, Mr/Mrs. John",female,44.0,0,0,A/5 28733,41.82946097640973,,S
68,0,1,"Passenger_68, Mr/Mrs. John",male,33.0,0,0,A/5 29157,26.2508341476564,A31,S
69,0,3,"Passenger_69, Mr/Mrs. John",male,,0,0,A/5 45030,14.231264650040524,,C
70,1,1,"Passenger_70, Mr/Mrs. John",female,50.0,0,0,A/5 29613,52.86800974628125,,C
71,0,3,"Passenger_71, Mr/Mrs. John",female,28.0,0,0,A/5 93028,15.715793510805506,,S
72,1,2,"Passenger_72, Mr/Mrs. John",female,41.0,0,0,A/5 96282,50.86285345184323,F188,S
73,0,2,"Passenger_73, Mr/Mrs. John",female,,1,0,A/5 15188,11.677823325545688,C116,S
74,1,2,"Passenger_74, Mr/Mrs. John",male,48.0,0,0,A/5 39680,2.4203149528171437,,S
75,0,2,"Passenger_75, Mr/Mrs. John",female,59.0,0,1,A/5 70119,86.32637962665213,B80,Q
76,1,3,"Passenger_76, Mr/Mrs. John",male,76.0,1,2,A/5 84400,16.05712515126238,F68,S
77,1,2,"Passenger_77, Mr/Mrs. John",female,18.0,0,3,A/5 65718,50.353677828870296,,S
78,0,3,"Passenger_78, Mr/Mrs. John",female,55.0,0,1,A/5 46445,10.474114210021407,,S
79,0,3,"Passenger_79, Mr/Mrs. John",female,26.0,0,0,A/5 15796,33.26368922486514,,S
80,0,3,"Passenger_80, Mr/Mrs. John",female,,1,0,A/5 57218,66.11260845638886,,S
81,1,3,"Passenger_81, Mr/Mrs. John",male,29.0,1,0,A/5 49131,1.361151546730364,,S
82,0,3,"Passenger_82, Mr/Mrs. John",male,17.0,0,0,A/5 18123,56.82251663072392,,C
83,0,1,"Passenger_83, Mr/Mrs. John",female,66.0,1,0,A/5 18222,27.10639669909082,A27,S
84,0,1,"Passenger_84, Mr/Mrs. John",female,8.0,0,0,A/5 34074,29.92469695311501,,S
85,0,2,"Passenger_85, Mr/Mrs. John",male,,0,0,A/5 39825,23.69824260967615,,S
86,1,3,"Passenger_86, Mr/Mrs. John",male,65.0,0,0,A/5 46839,66.40803711600095,,S
87,1,1,"Passenger_87, Mr/Mrs. John",male,59.0,0,0,A/5 78322,1.420954206864159,,S
88,0,3,"Passenger_88, Mr/Mrs. John",female,44.0,1,2,A/5 66321,9.67986488414941,,C
89,0,3,"Passenger_89, Mr/Mrs. John",female,,0,0,A/5 35988,66.73793713501664,F41,S
90,0,2,"Passenger_90, Mr/Mrs. John",male,,0,0,A/5 45507,44.663086947461345,,S
91,0,3,"Passenger_91, Mr/Mrs. John",male,28.0,2,2,A/5 33806,0.5696861402578246,,Q
92,0,1,"Passenger_92, Mr/Mrs. John",female,43.0,0,0,A/5 46901,23.288052292157804,,S
93,0,1,"Passenger_93, Mr/Mrs. John",female,,0,0,A/5 27043,24.131641835771347,C182,S
94,0,3,"Passenger_94, Mr/Mrs. John",male,66.0,0,0,A/5 85761,16.393501786264338,C25,C
95,0,3,"Passenger_95, Mr/Mrs. John",male,48.0,1,0,A/5 19752,11.294657562229819,,S
96,1,3,"Passenger_96, Mr/Mrs. John",male,,1,1,A/5 78993,36.6348486412653,,S
97,0,2,"Passenger_97, Mr/Mrs. John",male,67.0,0,0,A/5 52616,7.453739436546325,B117,S
98,0,2,"Passenger_98, Mr/Mrs. John",male,45.0,0,0,A/5 62127,51.33422379428635,,S
99,0,3,"Passenger_99, Mr/Mrs. John",female,,0,0,A/5 84777,51.99168644400238,,C
100,1,3,"Passenger_100, Mr/Mrs. John",female,27.0,1,0,A/5 10453,17.170893871185545,,S
101,0,3,"Passenger_101, Mr/Mrs. John",male,1.0,0,2,A/5 85432,10.67020932829178,,S
102,0,2,"Passenger_102, Mr/Mrs. John",female,,0,0,A/5 97362,10.684959649602778,,S
103,0,3,"Passenger_103, Mr/Mrs. John",male,67.0,2,0,A/5 20976,21.066963086937715,,S
104,0,2,"Passenger_104, Mr/Mrs. John",male,35.0,0,0,A/5 80404,40.68684912280291,,S
105,1,1,"Passenger_105, Mr/Mrs. John",male,,0,0,A/5 91932,14.22467176949834,,S
106,1,3,"Passenger_106, Mr/Mrs. John",male,78.0,0,2,A/5 87707,30.135030023505912,,S
107,1,1,"Passenger_107, Mr/Mrs. John",female,45.0,2,0,A/5 99647,15.42563346394269,,S
108,0,3,"Passenger_108, Mr/Mrs. John",female,53.0,0,0,A/5 43688,11.621043515939082,,S
109,0,2,"Passenger_109, Mr/Mrs. John",male,68.0,0,0,A/5 96840,0.8055594279521299,,S
110,1,1,"Passenger_110, Mr/Mrs. John",male,1.0,0,1,A/5 12017,0.12549714862180347,E144,S
111,0,3,"Passenger_111, Mr/Mrs. John",female,,0,0,A/5 17957,8.247837798912114,E64,C
112,1,3,"Passenger_112, Mr/Mrs. John",male,10.0,0,1,A/5 14792,16.68992570102651,,C
113,0,3,"Passenger_113, Mr/Mrs. John",male,41.0,0,0,A/5 65982,60.97802598648226,E12,S
114,0,3,"Passenger_114, Mr/Mrs. John",female,,5,2,A/5 23237,51.260406457482276,C33,S
115,1,3,"Passenger_115, Mr/Mrs. John",male,,0,0,A/5 61586,9.946722018308499,,S
116,0,3,"Passenger_116, Mr/Mrs. John",male,,0,0,A/5 91787,8.973728963761706,,S
117,1,3,"Passenger_117, Mr/Mrs. John",male,41.0,0,0,A/5 29252,8.252574976636266,,S
118,0,2,"Passenger_118, Mr/Mrs. John",female,69.0,0,0,A/5 20707,13.25953812596082,,C
119,0,3,"Passenger_119, Mr/Mrs. John",male,56.0,1,2,A/5 44206,22.065634987600877,,S
120,0,1,"Passenger_120, Mr/Mrs. John",male,76.0,0,1,A/5 13543,18.478154944873744,,Q
121,0,3,"Passenger_121, Mr/Mrs. John",female,19.0,0,0,A/5 54135,7.879998673041167,,Q
122,0,3,"Passenger_122, Mr/Mrs. John",male,,0,0,A/5 45031,4.472994047780365,,S
123,0,1,"Passenger_123, Mr/Mrs. John",female,71.0,0,0,A/5 52929,0.40504264850936617,,S
124,0,3,"Passenger_124, Mr/Mrs. John",male,5.0,0,0,A/5 75747,5.350158950626986,,S
125,0,3,"Passenger_125, Mr/Mrs. John",female,4.0,0,0,A/5 67851,39.10363799873841,,S
126,1,1,"Passenger_126, Mr/Mrs. John",male,15.0,1,0,A/5 65311,8.935549893491144,F189,C
127,1,3,"Passenger_127, Mr/Mrs. John",male,8.0,2,0,A/5 75867,20.231796863615592,F138,S
128,0,3,"Passenger_128, Mr/Mrs. John",male,,0,0,A/5 98780,28.632854386595966,,S
129,0,1,"Passenger_129, Mr/Mrs. John",male,46.0,2,0,A/5 67196,69.72673635020928,,S
130,0,3,"Passenger_130, Mr/Mrs. John",female,68.0,0,0,A/5 83705,70.30145629153355,,S
131,1,2,"Passenger_131, Mr/Mrs. John",female,37.0,0,0,A/5 67894,43.819944590256384,,S
132,0,3,"Passenger_132, Mr/Mrs. John",male,24.0,0,3,A/5 97640,1.1452760620347826,A118,S
133,0,3,"Passenger_133, Mr/Mrs. John",male,63.0,0,0,A/5 24591,27.38661810405864,A180,S
134,0,3,"Passenger_134, Mr/Mrs. John",female,24.0,0,0,A/5 58893,49.42430357893881,,S
135,0,3,"Passenger_135, Mr/Mrs. John",female,4.0,0,0,A/5 10727,0.5580552955025118,E123,S
136,0,3,"Passenger_136, Mr/Mrs. John",male,,0,1,A/5 31359,25.529826661231596,E136,C
137,0,3,"Passenger_137, Mr/Mrs. John",male,53.0,0,0,A/5 53822,62.40859692979281,,C
138,1,2,"Passenger_138, Mr/Mrs. John",male,23.0,0,0,A/5 98534,20.564740659623638,,Q
139,0,3,"Passenger_139, Mr/Mrs. John",female,53.0,1,0,A/5 20929,0.1316690079349741,,C
140,1,1,"Passenger_140, Mr/Mrs. John",male,57.0,0,0,A/5 70091,0.35438253959294524,,C
141,0,3,"Passenger_141, Mr/Mrs. John",male,60.0,0,0,A/5 90378,17.246207834253863,,S
142,0,1,"Passenger_142, Mr/Mrs. John",male,57.0,0,1,A/5 33519,5.38972508721613,,C
143,1,1,"Passenger_143, Mr/Mrs. John",female,7.0,0,1,A/5 27393,34.943560340389546,G69,S
144,1,1,"Passenger_144, Mr/Mrs. John",male,61.0,1,0,A/5 44318,39.47975802566584,,S
145,0,3,"Passenger_145, Mr/Mrs. John",male,51.0,0,0,A/5 84531,6.267797132298508,,S
146,0,2,"Passenger_146, Mr/Mrs. John",male,,0,2,A/5 57934,70.20893710228874,,S
147,0,3,"Passenger_147, Mr/Mrs. John",male,,1,0,A/5 91103,18.66339769182274,E66,S
148,1,1,"Passenger_148, Mr/Mrs. John",male,36.0,0,1,A/5 38840,4.932402307319762,,S
149,0,2,"Passenger_149, Mr/Mrs. John",male,69.0,0,0,A/5 99367,46.23968435689024,,S
150,0,3,"Passenger_150, Mr/Mrs. John",male,58.0,0,2,A/5 23265,49.936842468638496,,Q
151,1,3,"Passenger_151, Mr/Mrs. John",male,62.0,1,0,A/5 15424,32.63027646809181,G110,S
152,0,2,"Passenger_152, Mr/Mrs. John",male,27.0,0,2,A/5 30625,61.4558318861107,,S
153,1,3,"Passenger_153, Mr/Mrs. John",female,57.0,0,0,A/5 89622,42.78465273364636,,C
154,0,3,"Passenger_154, Mr/Mrs. John",female,47.0,0,0,A/5 39187,68.4421027861138,,S
155,0,3,"Passenger_155, Mr/Mrs. John",male,39.0,0,2,A/5 45929,18.20682963655619,,S
156,0,1,"Passenger_156, Mr/Mrs. John",female,22.0,0,0,A/5 71892,44.05532064031785,,C
157,1,1,"Passenger_157, Mr/Mrs. John",male,21.0,0,0,A/5 30539,265.6103357655124,,C
158,1,3,"Passenger_158, Mr/Mrs. John",male,,0,0,A/5 66630,41.303488696650426,,S
159,0,1,"Passenger_159, Mr/Mrs. John",male,31.0,2,1,A/5 19215,3.879864857510533,,S
160,0,3,"Passenger_160, Mr/Mrs. John",male,32.0,1,2,A/5 49385,23.375124272215132,D163,S
161,0,3,"Passenger_161, Mr/Mrs. John",female,,0,0,A/5 97580,28.324804810938186,,S
162,0,3,"Passenger_162, Mr/Mrs. John",female,9.0,1,1,A/5 87462,6.125298961886565,,C
163,1,3,"Passenger_163, Mr/Mrs. John",female,10.0,0,0,A/5 35008,105.40521090992739,,S
164,0,3,"Passenger_164, Mr/Mrs. John",male,17.0,0,0,A/5 58928,6.178396815001273,,S
165,0,2,"Passenger_165, Mr/Mrs. John",male,52.0,0,0,A/5 93096,6.255270973643962,D40,S
166,1,3,"Passenger_166, Mr/Mrs. John",male,21.0,1,0,A/5 99876,78.94631319575366,,S
167,0,2,"Passenger_167, Mr/Mrs. John",male,65.0,1,0,A/5 34976,20.027922975084223,A147,S
168,0,3,"Passenger_168, Mr/Mrs. John",male,51.0,0,3,A/5 37626,2.088734570490634,,S
169,0,3,"Passenger_169, Mr/Mrs. John",male,66.0,2,0,A/5 69789,29.17663094167188,,S
170,1,3,"Passenger_170, Mr/Mrs. John",male,39.0,0,0,A/5 14700,29.46774588435198,C115,C
171,0,3,"Passenger_171, Mr/Mrs. John",male,1.0,1,3,A/5 73645,2.13359821645158,,S
172,0,3,"Passenger_172, Mr/Mrs. John",female,,3,0,A/5 83396,115.02040422768928,,S
173,1,2,"Passenger_173, Mr/Mrs. John",female,,0,1,A/5 17526,25.130501919752515,,C
174,0,2,"Passenger_174, Mr/Mrs. John",female,57.0,1,0,A/5 49500,26.25652454513615,,S
175,0,3,"Passenger_175, Mr/Mrs. John",male,41.0,0,1,A/5 78049,23.49470882790959,F91,S
176,1,1,"Passenger_176, Mr/Mrs. John",male,,0,0,A/5 83366,30.191573135568344,,S
177,1,1,"Passenger_177, Mr/Mrs. John",male,6.0,0,2,A/5 90317,9.821840512056857,,S
178,1,2,"Passenger_178, Mr/Mrs. John",female,3.0,0,0,A/5 69117,10.835597194531235,,C
179,1,2,"Passenger_179, Mr/Mrs. John",male,,2,0,A/5 66096,22.914766886737592,,S
180,0,2,"Passenger_180, Mr/Mrs. John",male,47.0,0,0,A/5 17910,52.590038969996904,F95,S
181,0,1,"Passenger_181, Mr/Mrs. John",female,64.0,0,0,A/5 91383,1.6368241116233002,,S
182,1,1,"Passenger_182, Mr/Mrs. John",male,67.0,1,0,A/5 81185,29.59480588097577,F60,S
183,1,1,"Passenger_183, Mr/Mrs. John",male,32.0,2,0,A/5 60248,52.60531934648322,,S
184,0,3,"Passenger_184, Mr/Mrs. John",male,68.0,0,0,A/5 84656,5.4620860994581655,,S
185,0,2,"Passenger_185, Mr/Mrs. John",male,43.0,3,0,A/5 11951,0.4843687466040923,G27,Q
186,1,2,"Passenger_186, Mr/Mrs. John",male,78.0,0,0,A/5 75212,12.000119841811218,,S
187,0,3,"Passenger_187, Mr/Mrs. John",male,14.0,1,0,A/5 85701,28.386585383045738,E77,S
188,0,1,"Passenger_188, Mr/Mrs. John",male,4.0,0,0,A/5 89888,4.762514231005812,D19,S
189,0,3,"Passenger_189, Mr/Mrs. John",male,29.0,0,0,A/5 85282,17.770851047625353,F112,S
190,0,3,"Passenger_190, Mr/Mrs. John",female,49.0,0,0,A/5 51954,25.71775783209648,,C
191,1,1,"Passenger_191, Mr/Mrs. John",male,65.0,0,0,A/5 99719,29.232075516556684,G75,S
192,1,2,"Passenger_192, Mr/Mrs. John",male,6.0,0,0,A/5 18804,10.264721082889968,,C
193,0,3,"Passenger_193, Mr/Mrs. John",male,,0,0,A/5 10595,16.348000585483714,,C
194,0,3,"Passenger_194, Mr/Mrs. John",female,62.0,0,1,A/5 39592,48.21142798865166,,S
195,0,3,"Passenger_195, Mr/Mrs. John",male,76.0,1,0,A/5 50643,90.68362737022159,C137,S
196,0,3,"Passenger_196, Mr/Mrs. John",male,43.0,0,0,A/5 72665,63.348313721160046,,S
197,0,1,"Passenger_197, Mr/Mrs. John",female,20.0,0,0,A/5 30823,26.584431374721316,F90,S
198,0,3,"Passenger_198, Mr/Mrs. John",female,44.0,0,0,A/5 15972,16.90013252621862,D72,S
199,0,1,"Passenger_199, Mr/Mrs. John",male,22.0,0,0,A/5 25882,12.956806056383831,D56,S
200,0,3,"Passenger_200, Mr/Mrs. John",female,72.0,1,0,A/5 76394,4.271416163051614,,S
201,0,3,"Passenger_201, Mr/Mrs. John",male,56.0,1,0,A/5 81055,3.60532165163435,,S
202,0,3,"Passenger_202, Mr/Mrs. John",male,16.0,0,0,A/5 33769,37.30876743355347,,S
203,0,3,"Passenger_203, Mr/Mrs. John",male,51.0,0,0,A/5 35020,9.626474092246976,,S
204,1,1,"Passenger_204, Mr/Mrs. John",male,,1,0,A/5 52748,9.40534564829096,D189,Q
205,1,1,"Passenger_205, Mr/Mrs. John",female,12.0,0,0,A/5 95374,202.15119581604722,,S
206,0,1,"Passenger_206, Mr/Mrs. John",male,75.0,1,0,A/5 54912,6.661240258977906,,C
207,1,1,"Passenger_207, Mr/Mrs. John",male,,0,3,A/5 22879,5.127644635451794,A164,S
208,0,3,"Passenger_208, Mr/Mrs. John",female,6.0,1,0,A/5 43798,3.32482315610673,D38,Q
209,1,2,"Passenger_209, Mr/Mrs. John",female,57.0,0,0,A/5 99826,27.745190757835463,,S
210,1,1,"Passenger_210, Mr/Mrs. John",male,69.0,0,2,A/5 56073,31.63185384186091,,Q
211,0,3,"Passenger_211, Mr/Mrs. John",male,,2,0,A/5 85791,14.543657072341707,,C
212,1,3,"Passenger_212, Mr/Mrs. John",male,62.0,0,0,A/5 76983,24.531429192575754,,S
213,1,3,"Passenger_213, Mr/Mrs. John",female,,0,1,A/5 53005,49.69777159340759,,S
214,0,3,"Passenger_214, Mr/Mrs. John",female,69.0,0,1,A/5 12850,54.53827549370508,G176,S
215,1,1,"Passenger_215, Mr/Mrs. John",female,,0,0,A/5 38400,101.37582123326335,G43,S
216,0,2,"Passenger_216, Mr/Mrs. John",male,39.0,0,0,A/5 21953,55.64144293243211,,S
217,1,3,"Passenger_217, Mr/Mrs. John",male,13.0,0,0,A/5 33535,26.625433632608363,,C
218,0,3,"Passenger_218, Mr/Mrs. John",male,7.0,0,2,A/5 85536,6.337046139390241,,S
219,1,1,"Passenger_219, Mr/Mrs. John",male,14.0,0,0,A/5 85039,3.363130767920304,,Q
220,0,3,"Passenger_220, Mr/Mrs. John",male,54.0,1,0,A/5 91029,1.7937269192118124,,C
221,1,1,"Passenger_221, Mr/Mrs. John",female,20.0,0,1,A/5 14055,35.142075944134895,G87,C
222,1,1,"Passenger_222, Mr/Mrs. John",male,63.0,0,0,A/5 48170,52.73111944711317,,C
223,0,3,"Passenger_223, Mr/Mrs. John",male,57.0,0,0,A/5 38251,22.741365545689025,,C
224,0,3,"Passenger_224, Mr/Mrs. John",female,,0,0,A/5 14532,1.8005739752590553,,S
225,0,3,"Passenger_225, Mr/Mrs. John",male,74.0,0,0,A/5 14924,24.535371973414634,,S
226,1,1,"Passenger_226, Mr/Mrs. John",female,,0,1,A/5 58037,87.83878596772941,,S
227,0,3,"Passenger_227, Mr/Mrs. John",male,69.0,0,0,A/5 88082,29.130926124197515,C101,S
228,0,2,"Passenger_228, Mr/Mrs. John",male,41.0,0,1,A/5 81621,53.047120603173454,,Q
229,0,1,"Passenger_229, Mr/Mrs. John",male,41.0,0,0,A/5 87926,51.526446265929216,,S
230,0,3,"Passenger_230, Mr/Mrs. John",male,49.0,0,0,A/5 88816,86.08473294327075,,S
231,0,3,"Passenger_231, Mr/Mrs. John",female,3.0,0,3,A/5 99654,47.06147514544518,,S
232,0,3,"Passenger_232, Mr/Mrs. John",male,35.0,0,0,A/5 80400,44.06843074068207,A172,S
233,0,3,"Passenger_233, Mr/Mrs. John",male,24.0,0,0,A/5 20702,8.534628659226643,G174,C
234,0,3,"Passenger_234, Mr/Mrs. John",male,22.0,0,0,A/5 25385,1.9774651164448336,,S
235,1,3,"Passenger_235, Mr/Mrs. John",male,,1,1,A/5 19336,23.32737678858161,,S
236,1,1,"Passenger_236, Mr/Mrs. John",female,29.0,0,0,A/5 75421,4.252319427308957,,S
237,0,2,"Passenger_237, Mr/Mrs. John",male,20.0,0,0,A/5 41225,104.81078685222366,,S
238,1,2,"Passenger_238, Mr/Mrs. John",female,54.0,0,0,A/5 46021,10.956299086032187,,S
239,1,2,"Passenger_239, Mr/Mrs. John",female,19.0,0,0,A/5 13782,61.34218225302679,,S
240,0,3,"Passenger_240, Mr/Mrs. John",male,66.0,0,1,A/5 98877,15.693114463498476,,S
241,1,3,"Passenger_241, Mr/Mrs. John",female,34.0,0,0,A/5 99630,12.491871188883202,,C
242,0,1,"Passenger_242, Mr/Mrs. John",male,6.0,1,0,A/5 59111,87.54593807114227,,C
243,0,1,"Passenger_243, Mr/Mrs. John",male,10.0,0,0,A/5 99402,14.447748616641466,D70,S
244,0,3,"Passenger_244, Mr/Mrs. John",male,48.0,2,0,A/5 94585,15.832589268737458,,Q
245,1,1,"Passenger_245, Mr/Mrs. John",female,59.0,0,2,A/5 52719,3.588869466819464,,S
246,0,3,"Passenger_246, Mr/Mrs. John",female,2.0,0,0,A/5 59037,35.5205463210063,A144,S
247,0,3,"Passenger_247, Mr/Mrs. John",male,65.0,0,3,A/5 90103,10.907424511990806,,S
248,0,3,"Passenger_248, Mr/Mrs. John",female,,0,0,A/5 13513,28.1898766596867,,S
249,0,3,"Passenger_249, Mr/Mrs. John",male,53.0,0,0,A/5 23335,28.636812959564203,,S
250,0,3,"Passenger_250, Mr/Mrs. John",male,22.0,0,2,A/5 54140,40.643568728653115,,S
251,0,2,"Passenger_251, Mr/Mrs. John",male,21.0,0,0,A/5 90373,43.7580539876375,,S
252,1,3,"Passenger_252, Mr/Mrs. John",female,22.0,2,0,A/5 87658,23.119296756906305,,S
253,0,3,"Passenger_253, Mr/Mrs. John",male,30.0,1,3,A/5 44840,12.862693838690758,,S
254,0,2,"Passenger_254, Mr/Mrs. John",male,28.0,0,0,A/5 41007,58.13680439132225,,C
255,0,3,"Passenger_255, Mr/Mrs. John",male,45.0,0,0,A/5 66947,11.86780765895561,,S
256,0,3,"Passenger_256, Mr/Mrs. John",male,49.0,0,0,A/5 36393,22.664937102978158,,C
257,1,3,"Passenger_257, Mr/Mrs. John",male,1.0,0,0,A/5 67480,16.413294227009544,,S
258,0,3,"Passenger_258, Mr/Mrs. John",male,73.0,0,0,A/5 98290,61.809992820127505,,S
259,0,3,"Passenger_259, Mr/Mrs. John",female,32.0,0,0,A/5 96335,18.09569406287848,,S
260,0,3,"Passenger_260, Mr/Mrs. John",male,48.0,0,0,A/5 19107,15.613501095128655,,S
261,1,3,"Passenger_261, Mr/Mrs. John",male,74.0,0,1,A/5 15993,37.459661138616426,,S
262,0,3,"Passenger_262, Mr/Mrs. John",male,,3,0,A/5 62066,29.517190546211243,,S
263,0,3,"Passenger_263, Mr/Mrs. John",female,35.0,1,0,A/5 52942,3.630244659314812,,S
264,0,3,"Passenger_264, Mr/Mrs. John",female,25.0,2,0,A/5 26138,22.707831158016862,,S
265,0,3,"Passenger_265, Mr/Mrs. John",male,15.0,0,0,A/5 54527,42.55463434870069,G18,S
266,1,1,"Passenger_266, Mr/Mrs. John",female,73.0,0,0,A/5 19190,154.80650416317562,,C
267,1,3,"Passenger_267, Mr/Mrs. John",male,19.0,0,1,A/5 88422,31.742370355570532,,S
268,0,3,"Passenger_268, Mr/Mrs. John",male,17.0,0,0,A/5 65698,14.80002408499442,,S
269,1,1,"Passenger_269, Mr/Mrs. John",male,41.0,0,1,A/5 92315,8.204137278526463,,S
270,0,3,"Passenger_270, Mr/Mrs. John",male,40.0,0,2,A/5 39086,65.99143507882964,,S
271,1,1,"Passenger_271, Mr/Mrs. John",male,23.0,0,0,A/5 27322,53.921664208759694,,S
272,1,2,"Passenger_272, Mr/Mrs. John",female,,0,0,A/5 93569,8.52711546094157,,S
273,1,3,"Passenger_273, Mr/Mrs. John",female,63.0,0,0,A/5 95610,7.165887241630939,,S
274,1,1,"Passenger_274, Mr/Mrs. John",female,69.0,0,0,A/5 13435,40.18387624150392,D114,Q
275,1,3,"Passenger_275, Mr/Mrs. John",male,,0,1,A/5 63331,12.104526738183313,,S
276,0,3,"Passenger_276, Mr/Mrs. John",male,75.0,0,2,A/5 38942,11.707459873659102,E191,C
277,0,3,"Passenger_277, Mr/Mrs. John",female,67.0,0,0,A/5 69635,5.286943176456732,,S
278,1,1,"Passenger_278, Mr/Mrs. John",male,33.0,0,0,A/5 39059,9.807740785362762,F62,S
279,1,2,"Passenger_279, Mr/Mrs. John",male,48.0,2,2,A/5 67557,17.848183829634323,,S
280,1,3,"Passenger_280, Mr/Mrs. John",male,38.0,0,2,A/5 62389,42.23684241374398,,C
281,0,3,"Passenger_281, Mr/Mrs. John",female,36.0,1,0,A/5 63014,13.117991513503164,,C
282,1,3,"Passenger_282, Mr/Mrs. John",male,77.0,0,0,A/5 42826,12.748693049190724,,S
283,0,2,"Passenger_283, Mr/Mrs. John",male,3.0,0,0,A/5 40297,10.73124539346995,,S
284,1,3,"Passenger_284, Mr/Mrs. John",female,65.0,0,2,A/5 53890,20.820200421077843,G128,S
285,0,3,"Passenger_285, Mr/Mrs. John",male,8.0,0,0,A/5 31322,6.375286439352978,F144,S
286,1,3,"Passenger_286, Mr/Mrs. John",male,,0,0,A/5 45739,21.274043365904188,E164,S
287,1,1,"Passenger_287, Mr/Mrs. John",male,73.0,1,0,A/5 19719,38.97565106755105,B135,S
288,0,3,"Passenger_288, Mr/Mrs. John",male,39.0,0,0,A/5 89553,0.9677841785567641,,S
289,0,3,"Passenger_289, Mr/Mrs. John",female,28.0,0,0,A/5 18314,0.3144804001430316,,C
290,0,3,"Passenger_290, Mr/Mrs. John",male,37.0,0,5,A/5 85164,2.4990216365184454,,S
291,0,2,"Passenger_291, Mr/Mrs. John",male,56.0,2,0,A/5 87028,24.548427821089167,,S
292,1,3,"Passenger_292, Mr/Mrs. John",female,2.0,0,0,A/5 46113,61.67265706819671,,S
293,0,3,"Passenger_293, Mr/Mrs. John",female,60.0,0,0,A/5 25357,0.1566858883778089,,S
294,0,1,"Passenger_294, Mr/Mrs. John",female,40.0,0,0,A/5 30365,88.296282707878,C122,S
295,0,3,"Passenger_295, Mr/Mrs. John",male,37.0,1,0,A/5 49029,3.595554769302764,,S
296,1,3,"Passenger_296, Mr/Mrs. John",male,18.0,4,0,A/5 11737,59.041791954978535,D185,S
297,0,1,"Passenger_297, Mr/Mrs. John",female,22.0,0,0,A/5 84632,21.10180880412578,,C
298,1,2,"Passenger_298, Mr/Mrs. John",female,58.0,1,0,A/5 95474,34.461485050563496,,S
299,0,3,"Passenger_299, Mr/Mrs. John",male,,1,0,A/5 88218,22.87183059183088,B68,S
300,0,1,"Passenger_300, Mr/Mrs. John",male,7.0,0,0,A/5 37499,20.74451289358845,,S
301,0,3,"Passenger_301, Mr/Mrs. John",male,,0,2,A/5 56157,57.63841490247088,C135,S
302,1,2,"Passenger_302, Mr/Mrs. John",female,68.0,0,2,A/5 66247,45.12388814607354,,S
303,1,3,"Passenger_303, Mr/Mrs. John",male,1.0,3,0,A/5 51034,21.135703284562915,,S
304,1,1,"Passenger_304, Mr/Mrs. John",male,78.0,0,0,A/5 10294,3.7879561790020606,,S
305,0,3,"Passenger_305, Mr/Mrs. John",male,,1,2,A/5 34596,3.9239378855560454,,S
306,1,3,"Passenger_306, Mr/Mrs. John",female,38.0,0,0,A/5 21434,51.74927978149391,,C
307,1,3,"Passenger_307, Mr/Mrs. John",female,,1,1,A/5 68382,24.11925995997423,,C
308,0,3,"Passenger_308, Mr/Mrs. John",male,74.0,0,2,A/5 48098,21.023589936402278,,S
309,1,1,"Passenger_309, Mr/Mrs. John",female,71.0,0,0,A/5 14655,36.51863146201688,F26,S
310,0,3,"Passenger_310, Mr/Mrs. John",female,47.0,1,0,A/5 93029,62.65191991672511,,C
311,0,1,"Passenger_311, Mr/Mrs. John",male,35.0,1,2,A/5 56228,31.718763072445647,,S
312,0,1,"Passenger_312, Mr/Mrs. John",male,1.0,1,0,A/5 13771,46.04971460599018,,C
313,0,2,"Passenger_313, Mr/Mrs. John",male,60.0,0,0,A/5 84099,46.37829102061311,F163,S
314,0,3,"Passenger_314, Mr/Mrs. John",female,23.0,1,0,A/5 66799,14.094803574242873,C146,S
315,0,3,"Passenger_315, Mr/Mrs. John",male,61.0,0,0,A/5 72257,10.25023568865996,,S
316,0,3,"Passenger_316, Mr/Mrs. John",male,52.0,0,0,A/5 27558,51.68880807925837,,S
317,1,2,"Passenger_317, Mr/Mrs. John",female,55.0,0,0,A/5 68436,15.151865170888719,A155,C
318,0,2,"Passenger_318, Mr/Mrs. John",male,55.0,0,5,A/5 42376,74.76845755952813,,S
319,1,3,"Passenger_319, Mr/Mrs. John",female,36.0,0,0,A/5 97458,2.3116212469608417,,Q
320,0,2,"Passenger_320, Mr/Mrs. John",male,49.0,5,0,A/5 87924,1.919389939421072,,S
321,0,3,"Passenger_321, Mr/Mrs. John",male,39.0,0,0,A/5 39332,83.75529046874018,,C
322,0,1,"Passenger_322, Mr/Mrs. John",female,61.0,0,0,A/5 56737,33.45335388952855,,C
323,0,3,"Passenger_323, Mr/Mrs. John",female,35.0,0,0,A/5 99031,15.27647393161496,,S
324,0,3,"Passenger_324, Mr/Mrs. John",male,41.0,0,3,A/5 83970,45.01579807783845,,S
325,0,1,"Passenger_325, Mr/Mrs. John",female,42.0,0,1,A/5 61952,35.703633255625746,,Q
326,1,1,"Passenger_326, Mr/Mrs. John",female,76.0,2,0,A/5 30991,24.242600758361014,,S
327,0,3,"Passenger_327, Mr/Mrs. John",male,67.0,1,0,A/5 37472,3.331502626308046,G77,S
328,0,3,"Passenger_328, Mr/Mrs. John",female,73.0,1,0,A/5 69946,53.51260877609316,,S
329,0,2,"Passenger_329, Mr/Mrs. John",male,,4,0,A/5 36849,64.32283388126223,E88,S
330,0,3,"Passenger_330, Mr/Mrs. John",male,13.0,0,0,A/5 11541,6.046268015639368,,C
331,1,1,"Passenger_331, Mr/Mrs. John",male,23.0,0,0,A/5 12765,60.81717852271293,,S
332,1,2,"Passenger_332, Mr/Mrs. John",female,66.0,0,4,A/5 53074,67.2794709676473,C184,S
333,0,3,"Passenger_333, Mr/Mrs. John",female,18.0,0,0,A/5 39283,25.511640038374157,,S
334,0,2,"Passenger_334, Mr/Mrs. John",male,33.0,0,0,A/5 10769,34.164294759287074,,S
335,0,3,"Passenger_335, Mr/Mrs. John",male,32.0,0,1,A/5 27806,15.412829063831701,A49,S
336,0,2,"Passenger_336, Mr/Mrs. John",male,78.0,0,0,A/5 12972,10.591858160058072,,S
337,1,2,"Passenger_337, Mr/Mrs. John",male,,0,0,A/5 28256,40.962353428891845,,S
338,1,3,"Passenger_338, Mr/Mrs. John",female,36.0,0,0,A/5 28653,63.34711313786182,C93,C
339,1,2,"Passenger_339, Mr/Mrs. John",female,,0,0,A/5 96669,33.96930145723106,,S
340,1,3,"Passenger_340, Mr/Mrs. John",male,11.0,0,1,A/5 49339,22.931241990718874,,S
341,0,1,"Passenger_341, Mr/Mrs. John",female,47.0,0,0,A/5 35757,5.5383733192202405,,Q
342,1,1,"Passenger_342, Mr/Mrs. John",male,19.0,0,1,A/5 52399,1.7581020210797733,D119,S
343,1,1,"Passenger_343, Mr/Mrs. John",female,28.0,1,0,A/5 54013,18.88110117239292,,C
344,0,3,"Passenger_344, Mr/Mrs. John",female,9.0,0,0,A/5 24706,1.6194834839934282,,C
345,0,2,"Passenger_345, Mr/Mrs. John",male,62.0,0,1,A/5 48231,26.957564754454403,,S
346,0,3,"Passenger_346, Mr/Mrs. John",male,67.0,1,0,A/5 37909,15.438318060982914,,S
347,0,3,"Passenger_347, Mr/Mrs. John",female,47.0,0,0,A/5 86631,45.29511708631398,,S
348,0,3,"Passenger_348, Mr/Mrs. John",male,29.0,0,0,A/5 67572,11.67286265564082,F100,S
349,1,1,"Passenger_349, Mr/Mrs. John",male,13.0,1,0,A/5 95879,28.76478690167291,,S
350,0,3,"Passenger_350, Mr/Mrs. John",male,34.0,0,0,A/5 73767,24.688179346301666,,S
351,0,3,"Passenger_351, Mr/Mrs. John",male,,1,0,A/5 36469,0.1511540481926099,,S
352,0,3,"Passenger_352, Mr/Mrs. John",male,48.0,1,0,A/5 11313,2.404583822577319,,S
353,0,3,"Passenger_353, Mr/Mrs. John",female,64.0,0,0,A/5 17847,10.976289683399873,G29,C
354,1,3,"Passenger_354, Mr/Mrs. John",female,39.0,0,2,A/5 60222,68.45007531682693,,S
355,0,3,"Passenger_355, Mr/Mrs. John",male,,0,0,A/5 84702,5.088424440505933,,S
356,0,1,"Passenger_356, Mr/Mrs. John",female,71.0,0,1,A/5 19930,39.710816612939176,B182,C
357,1,1,"Passenger_357, Mr/Mrs. John",male,,0,0,A/5 13285,116.018814108109,,S
358,0,3,"Passenger_358, Mr/Mrs. John",female,67.0,0,0,A/5 45863,50.027329242572044,A184,S
359,1,3,"Passenger_359, Mr/Mrs. John",female,49.0,0,1,A/5 26704,8.906235223085,F172,C
360,0,3,"Passenger_360, Mr/Mrs. John",male,65.0,0,0,A/5 28705,76.47823443417751,,S
361,0,3,"Passenger_361, Mr/Mrs. John",female,,0,0,A/5 10555,3.127391351574914,,S
362,0,1,"Passenger_362, Mr/Mrs. John",male,25.0,0,0,A/5 31323,20.20411626456914,,S
363,1,1,"Passenger_363, Mr/Mrs. John",male,3.0,0,0,A/5 80968,69.92558847557085,,C
364,0,3,"Passenger_364, Mr/Mrs. John",female,32.0,1,0,A/5 76922,32.80554565556449,G111,S
365,1,2,"Passenger_365, Mr/Mrs. John",male,16.0,0,0,A/5 63915,17.08253211026609,C102,S
366,1,1,"Passenger_366, Mr/Mrs. John",male,,0,1,A/5 20619,11.086718775676625,,S
367,0,3,"Passenger_367, Mr/Mrs. John",male,56.0,2,0,A/5 82390,15.04520609294883,,S
368,1,1,"Passenger_368, Mr/Mrs. John",female,41.0,0,2,A/5 69274,22.758162749895718,,S
369,0,3,"Passenger_369, Mr/Mrs. John",male,51.0,0,2,A/5 83173,12.296239449693859,B190,S
370,0,2,"Passenger_370, Mr/Mrs. John",male,71.0,0,0,A/5 31225,111.1274209434883,,S
371,0,3,"Passenger_371, Mr/Mrs. John",female,19.0,0,0,A/5 36739,86.5351146476628,,S
372,0,2,"Passenger_372, Mr/Mrs. John",female,45.0,0,2,A/5 57708,65.45277933070707,D128,S
373,0,3,"Passenger_373, Mr/Mrs. John",male,11.0,0,2,A/5 63019,17.53238564568462,,C
374,0,1,"Passenger_374, Mr/Mrs. John",male,,0,0,A/5 86154,37.612514529889786,E158,S
375,0,1,"Passenger_375, Mr/Mrs. John",male,18.0,1,0,A/5 17373,74.60115602225687,,S
376,0,2,"Passenger_376, Mr/Mrs. John",male,48.0,0,0,A/5 45281,60.799594976761014,,S
377,0,3,"Passenger_377, Mr/Mrs. John",male,8.0,0,0,A/5 30187,17.119798066334045,,S
378,0,3,"Passenger_378, Mr/Mrs. John",female,76.0,1,0,A/5 77863,3.8149878638293857,E158,S
379,1,2,"Passenger_379, Mr/Mrs. John",female,,0,0,A/5 94085,2.5165839422297127,B43,S
380,0,3,"Passenger_380, Mr/Mrs. John",male,79.0,1,0,A/5 49220,27.537104593665298,,S
381,0,3,"Passenger_381, Mr/Mrs. John",male,,0,0,A/5 17642,32.92729093201232,,S
382,0,3,"Passenger_382, Mr/Mrs. John",female,45.0,1,0,A/5 89971,60.67427943464433,,S
383,0,1,"Passenger_383, Mr/Mrs. John",male,77.0,0,0,A/5 65556,11.073244155331487,E182,S
384,0,3,"Passenger_384, Mr/Mrs. John",female,79.0,1,0,A/5 43760,5.865171551008797,E91,S
385,1,1,"Passenger_385, Mr/Mrs. John",male,67.0,2,0,A/5 48192,15.245874889420293,,S
386,1,2,"Passenger_386, Mr/Mrs. John",male,54.0,0,0,A/5 14381,13.9615452171516,,S
387,0,3,"Passenger_387, Mr/Mrs. John",female,40.0,0,0,A/5 29558,4.547327357626297,,C
388,0,1,"Passenger_388, Mr/Mrs. John",male,,0,0,A/5 40782,35.69932120259186,,C
389,0,3,"Passenger_389, Mr/Mrs. John",female,60.0,0,3,A/5 14782,22.74188595109588,,C
390,0,3,"Passenger_390, Mr/Mrs. John",male,30.0,0,0,A/5 64712,40.863474561839254,,S
391,0,3,"Passenger_391, Mr/Mrs. John",male,62.0,0,0,A/5 29462,13.9178142484445,,S
392,0,3,"Passenger_392, Mr/Mrs. John",female,9.0,0,0,A/5 70030,12.610670177909679,F149,S
393,0,1,"Passenger_393, Mr/Mrs. John",male,,0,3,A/5 78519,20.47200707876053,,S
394,1,2,"Passenger_394, Mr/Mrs. John",female,61.0,0,0,A/5 66411,67.16442146480942,,S
395,0,3,"Passenger_395, Mr/Mrs. John",male,,0,0,A/5 65206,1.3156820898943986,B131,Q
396,1,1,"Passenger_396, Mr/Mrs. John",male,,0,0,A/5 56950,52.28475969705574,D87,S
397,1,2,"Passenger_397, Mr/Mrs. John",female,73.0,0,0,A/5 12523,14.733753131084253,,S
398,1,1,"Passenger_398, Mr/Mrs. John",male,45.0,0,0,A/5 70926,61.70872236190563,F106,S
399,1,1,"Passenger_399, Mr/Mrs. John",male,58.0,0,0,A/5 19677,51.856450285282186,,S
400,1,2,"Passenger_400, Mr/Mrs. John",male,64.0,0,0,A/5 85828,13.724126609201178,,S
401,0,1,"Passenger_401, Mr/Mrs. John",male,59.0,0,0,A/5 25089,37.88053693006506,G184,S
402,0,3,"Passenger_402, Mr/Mrs. John",male,,0,0,A/5 14581,5.565321227809098,D2,S
403,0,3,"Passenger_403, Mr/Mrs. John",female,,1,0,A/5 21907,72.51440906770195,,S
404,0,3,"Passenger_404, Mr/Mrs. John",female,29.0,0,1,A/5 15609,16.586844325786174,A78,S
405,1,1,"Passenger_405, Mr/Mrs. John",female,,0,0,A/5 61153,19.459777976461957,,C
406,1,1,"Passenger_406, Mr/Mrs. John",female,3.0,0,1,A/5 60539,39.147401375959376,,S
407,1,1,"Passenger_407, Mr/Mrs. John",female,36.0,1,0,A/5 54143,55.02327484276561,F128,S
408,0,3,"Passenger_408, Mr/Mrs. John",female,62.0,2,0,A/5 32936,8.628358636673088,,C
409,0,3,"Passenger_409, Mr/Mrs. John",male,,0,0,A/5 60182,34.64923412365635,,Q
410,0,1,"Passenger_410, Mr/Mrs. John",female,13.0,0,2,A/5 23163,15.922469751473946,,S
411,0,3,"Passenger_411, Mr/Mrs. John",female,16.0,1,0,A/5 69758,14.719319210812737,,S
412,1,1,"Passenger_412, Mr/Mrs. John",male,59.0,0,0,A/5 56057,37.48052121623058,,S
413,1,3,"Passenger_413, Mr/Mrs. John",male,,0,0,A/5 22537,15.670059737480724,,C
414,0,3,"Passenger_414, Mr/Mrs. John",male,2.0,0,0,A/5 32419,13.59404299777034,,C
415,0,3,"Passenger_415, Mr/Mrs. John",male,76.0,0,0,A/5 52578,57.83067661748699,,C
416,1,3,"Passenger_416, Mr/Mrs. John",female,11.0,2,0,A/5 84991,3.416941991003199,,S
417,0,3,"Passenger_417, Mr/Mrs. John",male,,5,0,A/5 84599,36.053773026446095,,S
418,0,2,"Passenger_418, Mr/Mrs. John",male,,1,0,A/5 10834,9.151489279341623,,S
419,0,3,"Passenger_419, Mr/Mrs. John",female,12.0,0,0,A/5 42214,0.499827041599877,,S
420,1,1,"Passenger_420, Mr/Mrs. John",male,23.0,1,0,A/5 12413,5.838037961618493,G70,S
421,0,3,"Passenger_421, Mr/Mrs. John",male,62.0,0,0,A/5 19505,29.858713292286538,D191,S
422,0,3,"Passenger_422, Mr/Mrs. John",male,67.0,0,0,A/5 12105,39.515814128124056,,S
423,0,3,"Passenger_423, Mr/Mrs. John",female,61.0,1,0,A/5 78104,0.6810451594789864,,S
424,0,3,"Passenger_424, Mr/Mrs. John",female,45.0,0,0,A/5 68408,1.1873732164073707,,S
425,1,3,"Passenger_425, Mr/Mrs. John",male,21.0,0,3,A/5 47679,74.50671812485028,,S
426,0,3,"Passenger_426, Mr/Mrs. John",female,13.0,0,2,A/5 89731,2.4362133991470984,,S
427,0,3,"Passenger_427, Mr/Mrs. John",male,7.0,1,1,A/5 75131,71.87315650115872,A192,S
428,1,1,"Passenger_428, Mr/Mrs. John",female,53.0,0,0,A/5 74280,8.287541319674714,,S
429,1,1,"Passenger_429, Mr/Mrs. John",female,4.0,0,0,A/5 25762,43.10854759863109,,S
430,0,2,"Passenger_430, Mr/Mrs. John",female,70.0,0,0,A/5 68703,11.861669131817278,A62,S
431,0,1,"Passenger_431, Mr/Mrs. John",male,76.0,1,0,A/5 91434,62.63162398894099,,Q
432,0,3,"Passenger_432, Mr/Mrs. John",female,,1,0,A/5 73079,38.575685536927146,,Q
433,0,1,"Passenger_433, Mr/Mrs. John",female,37.0,0,1,A/5 31577,16.44328420920655,,S
434,1,3,"Passenger_434, Mr/Mrs. John",male,70.0,0,1,A/5 11214,2.539858953033093,,S
435,0,2,"Passenger_435, Mr/Mrs. John",female,35.0,0,1,A/5 96339,42.220298999017835,,Q
436,1,1,"Passenger_436, Mr/Mrs. John",male,60.0,3,0,A/5 58114,30.70142197756995,A32,S
437,1,3,"Passenger_437, Mr/Mrs. John",female,,0,0,A/5 99234,0.09331088418510167,,S
438,1,3,"Passenger_438, Mr/Mrs. John",male,6.0,2,0,A/5 73230,0.30286410939519276,,S
439,0,3,"Passenger_439, Mr/Mrs. John",female,59.0,0,0,A/5 42980,52.940752894588925,,S
440,0,3,"Passenger_440, Mr/Mrs. John",male,29.0,1,0,A/5 77194,9.609416250181747,,S
441,0,3,"Passenger_441, Mr/Mrs. John",male,77.0,1,0,A/5 87806,32.35099833023885,E86,C
442,1,1,"Passenger_442, Mr/Mrs. John",male,2.0,1,0,A/5 47792,19.37693089794671,,S
443,0,3,"Passenger_443, Mr/Mrs. John",male,54.0,2,0,A/5 55807,63.70937861196332,,Q
444,1,3,"Passenger_444, Mr/Mrs. John",male,38.0,0,0,A/5 32301,79.63028045016951,,S
445,1,3,"Passenger_445, Mr/Mrs. John",male,,0,1,A/5 15141,183.90456289776492,,Q
446,1,1,"Passenger_446, Mr/Mrs. John",male,43.0,0,0,A/5 23777,5.339604068101342,E184,S
447,0,3,"Passenger_447, Mr/Mrs. John",male,61.0,1,1,A/5 48346,63.6003824991468,C7,S
448,1,1,"Passenger_448, Mr/Mrs. John",male,35.0,0,0,A/5 64703,9.896811980814201,,S
449,1,1,"Passenger_449, Mr/Mrs. John",female,16.0,0,0,A/5 57819,28.594881299584575,,S
450,0,2,"Passenger_450, Mr/Mrs. John",male,35.0,0,0,A/5 38469,22.552320544827317,,S
451,0,3,"Passenger_451, Mr/Mrs. John",female,,0,0,A/5 13845,0.5808603112173009,,C
452,0,3,"Passenger_452, Mr/Mrs. John",female,54.0,0,3,A/5 33290,86.38895169296245,,S
453,1,3,"Passenger_453, Mr/Mrs. John",female,48.0,0,0,A/5 40699,2.610074942208375,,S
454,0,3,"Passenger_454, Mr/Mrs. John",male,38.0,1,0,A/5 54252,37.29452807113517,,C
455,1,2,"Passenger_455, Mr/Mrs. John",female,,0,0,A/5 13293,49.18876952567955,,S
456,0,2,"Passenger_456, Mr/Mrs. John",male,49.0,0,2,A/5 67089,50.75681370465543,,S
457,0,2,"Passenger_457, Mr/Mrs. John",male,32.0,0,0,A/5 26608,4.659124278899553,,S
458,0,3,"Passenger_458, Mr/Mrs. John",male,,0,0,A/5 76273,18.98971074751527,,S
459,1,1,"Passenger_459, Mr/Mrs. John",female,58.0,1,0,A/5 26619,56.59529238558305,,C
460,0,3,"Passenger_460, Mr/Mrs. John",male,69.0,1,0,A/5 88006,11.536311383746249,,C
461,0,3,"Passenger_461, Mr/Mrs. John",male,10.0,0,0,A/5 97908,20.180463567485155,,S
462,0,2,"Passenger_462, Mr/Mrs. John",female,68.0,1,0,A/5 91653,10.193450808850699,A114,S
463,1,3,"Passenger_463, Mr/Mrs. John",female,19.0,1,0,A/5 24779,19.92910595175372,D48,S
464,0,3,"Passenger_464, Mr/Mrs. John",male,74.0,1,1,A/5 61040,70.00993068957656,,S
465,0,3,"Passenger_465, Mr/Mrs. John",male,,0,0,A/5 66325,19.430318628858974,,C
466,0,3,"Passenger_466, Mr/Mrs. John",female,48.0,2,0,A/5 31630,25.975442446030048,,S
467,0,2,"Passenger_467, Mr/Mrs. John",male,24.0,0,0,A/5 22178,16.55919422697218,F150,S
468,1,2,"Passenger_468, Mr/Mrs. John",male,55.0,0,0,A/5 29935,19.724901404963056,,S
469,0,3,"Passenger_469, Mr/Mrs. John",male,63.0,0,0,A/5 57258,0.4892961687665392,,S
470,0,3,"Passenger_470, Mr/Mrs. John",female,51.0,0,0,A/5 32784,10.67903174901502,,S
471,0,1,"Passenger_471, Mr/Mrs. John",female,50.0,0,0,A/5 73722,18.35945540138738,E3,S
472,0,3,"Passenger_472, Mr/Mrs. John",female,42.0,0,0,A/5 33027,32.146156447146694,E188,S
473,0,3,"Passenger_473, Mr/Mrs. John",female,25.0,0,0,A/5 67853,19.1338055808732,,S
474,1,3,"Passenger_474, Mr/Mrs. John",male,32.0,1,0,A/5 77359,13.19082853194512,,C
475,1,1,"Passenger_475, Mr/Mrs. John",male,18.0,1,0,A/5 82388,15.717898935902557,,S
476,0,3,"Passenger_476, Mr/Mrs. John",male,54.0,0,0,A/5 88608,8.87868627430522,,C
477,0,3,"Passenger_477, Mr/Mrs. John",male,75.0,1,0,A/5 86669,82.67350082390905,,S
478,0,1,"Passenger_478, Mr/Mrs. John",male,,1,2,A/5 25111,23.603440197913883,D156,S
479,0,1,"Passenger_479, Mr/Mrs. John",female,41.0,1,1,A/5 42312,0.4320055200963921,,S
480,0,3,"Passenger_480, Mr/Mrs. John",male,54.0,0,0,A/5 34161,0.6284103828751969,B66,S
481,1,1,"Passenger_481, Mr/Mrs. John",female,65.0,1,0,A/5 77313,115.53595180282011,,S
482,0,3,"Passenger_482, Mr/Mrs. John",male,4.0,2,1,A/5 60374,8.01034267551799,,S
483,0,3,"Passenger_483, Mr/Mrs. John",male,76.0,1,1,A/5 34014,52.41216082555323,F171,S
484,1,2,"Passenger_484, Mr/Mrs. John",male,,0,1,A/5 90308,1.9213535778308246,F22,S
485,1,3,"Passenger_485, Mr/Mrs. John",male,46.0,0,0,A/5 56389,81.29182429779337,,S
486,1,2,"Passenger_486, Mr/Mrs. John",female,,0,0,A/5 28161,66.39322923598216,,S
487,0,3,"Passenger_487, Mr/Mrs. John",male,,0,1,A/5 17490,27.08849745565392,,C
488,0,2,"Passenger_488, Mr/Mrs. John",male,59.0,0,0,A/5 34502,0.28926047174797576,,S
489,0,3,"Passenger_489, Mr/Mrs. John",male,12.0,0,0,A/5 45757,9.54083780901977,,Q
490,1,1,"Passenger_490, Mr/Mrs. John",male,20.0,1,0,A/5 51111,16.712379129576657,,S
491,0,2,"Passenger_491, Mr/Mrs. John",male,3.0,1,0,A/5 93245,19.721756198113553,,Q
492,0,3,"Passenger_492, Mr/Mrs. John",female,13.0,0,0,A/5 68645,11.307659863738593,,S
493,1,2,"Passenger_493, Mr/Mrs. John",female,,2,0,A/5 69055,1.0720919734635939,,S
494,0,3,"Passenger_494, Mr/Mrs. John",male,66.0,0,0,A/5 18998,28.54108523960559,G158,Q
495,1,2,"Passenger_495, Mr/Mrs. John",female,26.0,0,0,A/5 38906,23.765197109902104,B121,C
496,0,3,"Passenger_496, Mr/Mrs. John",male,40.0,1,0,A/5 80192,10.645770387709847,,S
497,1,1,"Passenger_497, Mr/Mrs. John",male,20.0,1,0,A/5 60477,1.238907100546982,,S
498,0,3,"Passenger_498, Mr/Mrs. John",male,,2,0,A/5 46901,167.0489748472631,,Q
499,0,3,"Passenger_499, Mr/Mrs. John",male,30.0,0,0,A/5 62021,21.048107863036968,,C
500,1,1,"Passenger_500, Mr/Mrs. John",male,55.0,1,1,A/5 39092,45.13934202112104,,S
501,1,1,"Passenger_501, Mr/Mrs. John",male,62.0,0,0,A/5 11242,19.26570281461979,,S
502,0,1,"Passenger_502, Mr/Mrs. John",male,45.0,1,0,A/5 11831,1.412155063946437,,S
503,0,3,"Passenger_503, Mr/Mrs. John",male,56.0,1,0,A/5 60721,11.855526989501799,D9,C
504,1,2,"Passenger_504, Mr/Mrs. John",male,,0,1,A/5 38511,12.346382911948107,,S
505,0,3,"Passenger_505, Mr/Mrs. John",female,73.0,0,0,A/5 82782,58.31487168044556,,S
506,0,2,"Passenger_506, Mr/Mrs. John",male,37.0,1,0,A/5 28302,33.983404839035266,,S
507,1,2,"Passenger_507, Mr/Mrs. John",male,57.0,0,0,A/5 65568,10.3096566573192,,Q
508,0,3,"Passenger_508, Mr/Mrs. John",male,20.0,0,0,A/5 13232,109.88562562566584,,C
509,0,3,"Passenger_509, Mr/Mrs. John",male,53.0,1,1,A/5 61507,12.413838586946065,F113,Q
510,1,1,"Passenger_510, Mr/Mrs. John",male,49.0,0,1,A/5 86508,202.84968967861693,,S
511,1,1,"Passenger_511, Mr/Mrs. John",male,42.0,1,0,A/5 20683,178.02384442440808,C184,S
512,1,1,"Passenger_512, Mr/Mrs. John",male,19.0,0,0,A/5 33664,6.7909316959468855,,S
513,0,3,"Passenger_513, Mr/Mrs. John",male,50.0,0,0,A/5 43172,12.00141521318283,,S
514,0,3,"Passenger_514, Mr/Mrs. John",male,58.0,1,0,A/5 93641,21.299776207808524,,S
515,1,3,"Passenger_515, Mr/Mrs. John",male,20.0,0,0,A/5 74340,34.910200973584246,,S
516,0,3,"Passenger_516, Mr/Mrs. John",male,,0,0,A/5 97236,24.028058432007576,C48,S
517,0,3,"Passenger_517, Mr/Mrs. John",male,32.0,1,0,A/5 21017,111.61956446524474,C180,S
518,0,3,"Passenger_518, Mr/Mrs. John",male,,0,0,A/5 46613,41.19408492864098,,S
519,1,3,"Passenger_519, Mr/Mrs. John",female,,0,2,A/5 96130,7.626051398548213,,S
520,0,1,"Passenger_520, Mr/Mrs. John",male,40.0,0,0,A/5 86920,3.5532979615916886,F16,C
521,0,1,"Passenger_521, Mr/Mrs. John",male,,1,1,A/5 40348,37.313251430195166,,Q
522,0,2,"Passenger_522, Mr/Mrs. John",male,,1,0,A/5 26448,5.520407969304419,,Q
523,1,1,"Passenger_523, Mr/Mrs. John",female,,1,0,A/5 19491,49.58866646064485,,S
524,1,3,"Passenger_524, Mr/Mrs. John",male,64.0,0,0,A/5 88648,11.92215127901696,,S
525,0,3,"Passenger_525, Mr/Mrs. John",male,56.0,1,0,A/5 68759,12.667243621894084,,S
526,1,1,"Passenger_526, Mr/Mrs. John",male,,0,0,A/5 54553,0.34742778156660037,F183,S
527,1,1,"Passenger_527, Mr/Mrs. John",male,49.0,1,0,A/5 10968,38.635180444594134,,S
528,0,3,"Passenger_528, Mr/Mrs. John",male,13.0,0,5,A/5 10368,3.846862764013689,E187,S
529,1,3,"Passenger_529, Mr/Mrs. John",male,,1,0,A/5 83960,47.43293789979922,,S
530,1,2,"Passenger_530, Mr/Mrs. John",female,4.0,1,0,A/5 45010,21.66443750949243,,S
531,0,3,"Passenger_531, Mr/Mrs. John",male,,0,2,A/5 64154,49.08074082271044,C55,S
532,1,1,"Passenger_532, Mr/Mrs. John",female,22.0,0,0,A/5 45851,28.06059026700204,,S
533,1,1,"Passenger_533, Mr/Mrs. John",female,11.0,1,0,A/5 35496,2.7529591569046725,,Q
534,0,3,"Passenger_534, Mr/Mrs. John",male,62.0,0,0,A/5 40936,46.43038482140228,,S
535,1,3,"Passenger_535, Mr/Mrs. John",male,,2,1,A/5 88858,2.3153634699125822,C85,S
536,1,1,"Passenger_536, Mr/Mrs. John",male,40.0,0,3,A/5 77005,20.845852407979564,G183,S
537,0,3,"Passenger_537, Mr/Mrs. John",male,24.0,0,3,A/5 47493,6.053247032792577,,S
538,0,3,"Passenger_538, Mr/Mrs. John",male,60.0,0,0,A/5 79795,44.661727073727135,E117,C
539,1,3,"Passenger_539, Mr/Mrs. John",female,17.0,0,1,A/5 46390,77.62509060158192,,S
540,0,3,"Passenger_540, Mr/Mrs. John",female,57.0,2,0,A/5 20292,25.847015822860012,,S
541,0,3,"Passenger_541, Mr/Mrs. John",male,53.0,0,0,A/5 38365,23.96708298958874,,C
542,0,3,"Passenger_542, Mr/Mrs. John",male,9.0,1,0,A/5 27207,46.200561226953965,E122,S
543,0,3,"Passenger_543, Mr/Mrs. John",female,,0,0,A/5 32912,0.16293612741042568,,S
544,1,1,"Passenger_544, Mr/Mrs. John",female,18.0,0,3,A/5 90771,79.93910311964257,F17,S
545,1,1,"Passenger_545, Mr/Mrs. John",female,40.0,0,2,A/5 66572,7.038708693954825,,S
546,0,2,"Passenger_546, Mr/Mrs. John",male,15.0,0,0,A/5 29276,132.56398520361313,B118,S
547,0,3,"Passenger_547, Mr/Mrs. John",male,,3,0,A/5 15534,42.64859401197964,,S
548,0,1,"Passenger_548, Mr/Mrs. John",male,,0,0,A/5 45670,47.626629460587274,,S
549,0,3,"Passenger_549, Mr/Mrs. John",male,32.0,0,1,A/5 72147,34.16652335960943,,S
550,0,3,"Passenger_550, Mr/Mrs. John",male,20.0,0,0,A/5 46486,20.416681192419787,,S
551,1,1,"Passenger_551, Mr/Mrs. John",male,,0,0,A/5 75557,27.128402758343583,F123,S
552,1,3,"Passenger_552, Mr/Mrs. John",female,77.0,0,0,A/5 44268,1.5204482917653617,,S
553,0,2,"Passenger_553, Mr/Mrs. John",male,63.0,1,0,A/5 91335,31.29787051869861,,S
554,0,3,"Passenger_554, Mr/Mrs. John",male,38.0,0,0,A/5 36336,31.48037826411905,,Q
555,1,1,"Passenger_555, Mr/Mrs. John",male,71.0,0,2,A/5 13641,70.98404075673284,,S
556,0,3,"Passenger_556, Mr/Mrs. John",male,,0,0,A/5 97132,22.544779868869316,,C
557,1,3,"Passenger_557, Mr/Mrs. John",male,16.0,3,0,A/5 42959,2.5690392002771043,G34,Q
558,0,3,"Passenger_558, Mr/Mrs. John",male,68.0,0,0,A/5 23306,11.698101264043727,,S
559,0,3,"Passenger_559, Mr/Mrs. John",female,62.0,0,0,A/5 56182,34.11318115533546,,S
560,1,3,"Passenger_560, Mr/Mrs. John",male,6.0,0,3,A/5 84123,8.750788489320769,,S
561,0,3,"Passenger_561, Mr/Mrs. John",male,60.0,0,0,A/5 66326,10.535597495077987,,S
562,0,3,"Passenger_562, Mr/Mrs. John",male,54.0,0,0,A/5 31498,54.95703920468126,,S
563,0,3,"Passenger_563, Mr/Mrs. John",female,39.0,0,0,A/5 80198,28.09084480648152,,S
564,1,1,"Passenger_564, Mr/Mrs. John",female,77.0,1,0,A/5 37197,22.731172905910434,,S
565,1,3,"Passenger_565, Mr/Mrs. John",female,63.0,0,0,A/5 30719,12.268433560097177,C122,C
566,0,3,"Passenger_566, Mr/Mrs. John",male,53.0,1,0,A/5 35032,42.008845143873835,,S
567,0,3,"Passenger_567, Mr/Mrs. John",male,28.0,0,0,A/5 69624,10.857023634106143,,S
568,0,1,"Passenger_568, Mr/Mrs. John",male,22.0,0,0,A/5 88177,42.74696921369984,,S
569,0,3,"Passenger_569, Mr/Mrs. John",male,38.0,0,0,A/5 51964,2.3257541553869228,,S
570,0,2,"Passenger_570, Mr/Mrs. John",female,72.0,0,0,A/5 40028,63.97084125257185,E35,C
571,1,3,"Passenger_571, Mr/Mrs. John",male,6.0,1,0,A/5 64646,22.152975456085368,,S
572,1,1,"Passenger_572, Mr/Mrs. John",female,10.0,0,0,A/5 91187,18.46904903029413,A59,S
573,0,3,"Passenger_573, Mr/Mrs. John",female,59.0,0,1,A/5 18536,30.215555874790958,F134,S
574,0,3,"Passenger_574, Mr/Mrs. John",male,59.0,0,2,A/5 66747,31.317667145036122,E71,S
575,1,1,"Passenger_575, Mr/Mrs. John",female,69.0,5,0,A/5 55712,4.531330928446882,,C
576,0,3,"Passenger_576, Mr/Mrs. John",male,,0,0,A/5 16273,45.16943512126105,,S
577,0,2,"Passenger_577, Mr/Mrs. John",male,41.0,2,0,A/5 81820,10.331675376626674,E59,S
578,0,3,"Passenger_578, Mr/Mrs. John",male,22.0,0,0,A/5 84353,75.31127060787468,,Q
579,0,3,"Passenger_579, Mr/Mrs. John",male,45.0,0,1,A/5 95914,54.49370872540415,F18,S
580,0,3,"Passenger_580, Mr/Mrs. John",male,49.0,0,0,A/5 60830,13.601753651984504,B114,C
581,0,3,"Passenger_581, Mr/Mrs. John",male,77.0,0,0,A/5 27127,52.764895362663204,,S
582,1,3,"Passenger_582, Mr/Mrs. John",male,36.0,0,1,A/5 93488,14.101219269252406,,S
583,0,2,"Passenger_583, Mr/Mrs. John",male,15.0,0,1,A/5 21539,3.4052496008293858,,S
584,0,2,"Passenger_584, Mr/Mrs. John",male,,2,0,A/5 56761,104.55143518792414,,S
585,0,3,"Passenger_585, Mr/Mrs. John",male,72.0,1,0,A/5 56219,33.83309523335646,,S
586,0,3,"Passenger_586, Mr/Mrs. John",male,23.0,1,0,A/5 24692,19.487648073219052,,S
587,1,3,"Passenger_587, Mr/Mrs. John",male,8.0,0,0,A/5 93656,16.227885185774955,C180,C
588,0,3,"Passenger_588, Mr/Mrs. John",female,59.0,0,2,A/5 23334,12.563396528853307,,S
589,1,2,"Passenger_589, Mr/Mrs. John",female,28.0,0,1,A/5 38615,127.58898789975821,,S
590,0,3,"Passenger_590, Mr/Mrs. John",female,16.0,1,1,A/5 17903,4.631476341978476,,C
591,1,1,"Passenger_591, Mr/Mrs. John",female,17.0,2,0,A/5 38527,12.097660662056656,D161,S
592,1,3,"Passenger_592, Mr/Mrs. John",male,13.0,0,1,A/5 25629,21.265764393289498,,Q
593,0,1,"Passenger_593, Mr/Mrs. John",female,13.0,0,0,A/5 68008,20.80277822580523,A168,S
594,0,2,"Passenger_594, Mr/Mrs. John",male,21.0,0,0,A/5 93276,20.39871597990848,E56,S
595,1,2,"Passenger_595, Mr/Mrs. John",male,,0,0,A/5 36708,6.186317569719478,,S
596,1,2,"Passenger_596, Mr/Mrs. John",female,15.0,0,0,A/5 20860,5.010396719924831,,S
597,0,3,"Passenger_597, Mr/Mrs. John",male,74.0,0,0,A/5 27438,9.409892627003636,,S
598,1,2,"Passenger_598, Mr/Mrs. John",female,53.0,1,0,A/5 77300,78.70543495218433,C191,C
599,1,2,"Passenger_599, Mr/Mrs. John",female,,0,0,A/5 81545,3.839040453290194,,S
600,1,1,"Passenger_600, Mr/Mrs. John",female,,0,0,A/5 30842,45.32623245506616,,C
601,1,2,"Passenger_601, Mr/Mrs. John",female,52.0,4,0,A/5 70213,45.34250073062655,,C
602,1,1,"Passenger_602, Mr/Mrs. John",male,1.0,0,0,A/5 52372,53.10475314589473,,C
603,1,1,"Passenger_603, Mr/Mrs. John",male,75.0,0,0,A/5 78906,69.66305549520281,B78,S
604,0,3,"Passenger_604, Mr/Mrs. John",male,9.0,0,1,A/5 48744,9.766927218157372,,S
605,0,3,"Passenger_605, Mr/Mrs. John",male,12.0,0,0,A/5 67442,8.138367499912597,E73,C
606,0,3,"Passenger_606, Mr/Mrs. John",male,78.0,0,0,A/5 95990,20.0458928038839,,C
607,0,3,"Passenger_607, Mr/Mrs. John",female,8.0,1,0,A/5 13650,9.856195365085087,G17,Q
608,1,2,"Passenger_608, Mr/Mrs. John",female,62.0,0,1,A/5 55117,42.413600700527724,,S
609,0,3,"Passenger_609, Mr/Mrs. John",male,42.0,0,0,A/5 62772,32.333933669070056,E9,S
610,0,3,"Passenger_610, Mr/Mrs. John",male,11.0,0,0,A/5 13190,66.5389776304454,C134,S
611,0,3,"Passenger_611, Mr/Mrs. John",male,17.0,0,0,A/5 58113,2.7635988515357397,,S
612,0,1,"Passenger_612, Mr/Mrs. John",male,40.0,1,0,A/5 18789,78.91471666684077,,C
613,0,2,"Passenger_613, Mr/Mrs. John",female,6.0,1,0,A/5 42125,11.11097093544471,,S
614,0,2,"Passenger_614, Mr/Mrs. John",male,37.0,0,0,A/5 27459,21.590622191934614,E140,S
615,1,2,"Passenger_615, Mr/Mrs. John",male,54.0,1,0,A/5 45418,18.474943541012465,,S
616,0,3,"Passenger_616, Mr/Mrs. John",male,,0,0,A/5 57085,45.709303864012,,S
617,1,3,"Passenger_617, Mr/Mrs. John",male,11.0,3,0,A/5 28768,17.449664386009616,,S
618,1,3,"Passenger_618, Mr/Mrs. John",male,21.0,0,0,A/5 59961,91.9825828628371,E37,S
619,0,3,"Passenger_619, Mr/Mrs. John",male,63.0,3,0,A/5 91099,74.50401521975049,,C
620,1,3,"Passenger_620, Mr/Mrs. John",male,,1,0,A/5 37885,65.82351385697035,,C
621,0,3,"Passenger_621, Mr/Mrs. John",male,17.0,0,0,A/5 97421,2.365588956359032,,Q
622,0,3,"Passenger_622, Mr/Mrs. John",male,56.0,0,0,A/5 71082,61.62936851566207,,S
623,1,1,"Passenger_623, Mr/Mrs. John",female,66.0,4,0,A/5 16895,48.69085901658246,A45,S
624,0,1,"Passenger_624, Mr/Mrs. John",male,37.0,1,1,A/5 60311,3.496685688507598,,S
625,0,1,"Passenger_625, Mr/Mrs. John",male,68.0,0,2,A/5 99494,3.636248832846984,,S
626,0,3,"Passenger_626, Mr/Mrs. John",male,49.0,1,0,A/5 77067,3.412943243916814,,C
627,0,3,"Passenger_627, Mr/Mrs. John",female,58.0,0,0,A/5 81017,0.36471348286469246,D1,C
628,1,2,"Passenger_628, Mr/Mrs. John",male,58.0,0,0,A/5 33932,25.455277274119993,F19,S
629,1,3,"Passenger_629, Mr/Mrs. John",female,60.0,0,1,A/5 31360,116.05214331365981,,C
630,1,1,"Passenger_630, Mr/Mrs. John",male,58.0,0,0,A/5 64847,18.47912014146648,,S
631,0,3,"Passenger_631, Mr/Mrs. John",male,56.0,1,0,A/5 95468,24.90166048334032,,S
632,1,2,"Passenger_632, Mr/Mrs. John",male,1.0,0,1,A/5 48931,110.11443105250363,,S
633,1,1,"Passenger_633, Mr/Mrs. John",male,,1,0,A/5 65823,9.42770217293238,,Q
634,0,3,"Passenger_634, Mr/Mrs. John",female,63.0,0,1,A/5 48032,62.56785136020226,,S
635,0,2,"Passenger_635, Mr/Mrs. John",male,4.0,0,0,A/5 91426,25.296592350153023,,S
636,0,2,"Passenger_636, Mr/Mrs. John",male,,0,0,A/5 28807,26.96810889516904,,C
637,0,2,"Passenger_637, Mr/Mrs. John",male,,0,1,A/5 21767,13.450749387470884,,S
638,0,3,"Passenger_638, Mr/Mrs. John",male,56.0,0,0,A/5 18071,26.386811872244916,B63,Q
639,0,3,"Passenger_639, Mr/Mrs. John",male,14.0,0,0,A/5 63413,2.430574628536855,,C
640,0,2,"Passenger_640, Mr/Mrs. John",male,34.0,0,0,A/5 36149,46.29293445132715,F24,S
641,1,3,"Passenger_641, Mr/Mrs. John",female,,0,2,A/5 25540,10.721156303094276,F165,S
642,1,3,"Passenger_642, Mr/Mrs. John",male,,0,0,A/5 80248,69.94449440277192,C181,S
643,0,2,"Passenger_643, Mr/Mrs. John",male,,0,0,A/5 95435,14.676149440847256,D149,S
644,1,2,"Passenger_644, Mr/Mrs. John",female,20.0,1,0,A/5 29787,4.931588569744489,,C
645,1,1,"Passenger_645, Mr/Mrs. John",male,10.0,1,0,A/5 30982,38.09081905393688,,S
646,1,1,"Passenger_646, Mr/Mrs. John",female,,0,0,A/5 32606,5.754190905532793,,C
647,0,3,"Passenger_647, Mr/Mrs. John",male,67.0,0,0,A/5 20150,44.83602778715901,,S
648,0,1,"Passenger_648, Mr/Mrs. John",female,15.0,0,0,A/5 95929,110.25705373369783,,S
649,0,3,"Passenger_649, Mr/Mrs. John",male,53.0,2,2,A/5 56936,48.3871161799389,,C
650,0,3,"Passenger_650, Mr/Mrs. John",female,47.0,0,0,A/5 18593,0.7265621986255923,,S
651,1,1,"Passenger_651, Mr/Mrs. John",female,50.0,0,0,A/5 27358,29.312167768383578,,C
652,0,3,"Passenger_652, Mr/Mrs. John",male,4.0,0,0,A/5 92143,38.04130789968902,,S
653,1,2,"Passenger_653, Mr/Mrs. John",female,55.0,0,0,A/5 47381,55.858935846435415,,S
654,0,3,"Passenger_654, Mr/Mrs. John",male,,0,2,A/5 38074,1.8442098799867328,,S
655,0,3,"Passenger_655, Mr/Mrs. John",male,66.0,1,0,A/5 30595,20.93228321138323,,Q
656,1,3,"Passenger_656, Mr/Mrs. John",male,,0,0,A/5 54194,24.528504550202662,,S
657,0,3,"Passenger_657, Mr/Mrs. John",male,49.0,0,0,A/5 59377,5.9288240417836855,,S
658,0,1,"Passenger_658, Mr/Mrs. John",male,62.0,0,0,A/5 36853,12.4566927156573,G117,C
659,1,3,"Passenger_659, Mr/Mrs. John",male,38.0,0,0,A/5 83719,18.566864428829785,,C
660,0,3,"Passenger_660, Mr/Mrs. John",male,52.0,1,0,A/5 30661,57.312571904833824,F108,C
661,0,3,"Passenger_661, Mr/Mrs. John",female,25.0,0,0,A/5 60493,84.82663386749113,,C
662,1,3,"Passenger_662, Mr/Mrs. John",female,,1,0,A/5 46495,31.679958657473804,E142,
663,0,3,"Passenger_663, Mr/Mrs. John",male,,0,0,A/5 23703,16.0779591500146,,C
664,1,1,"Passenger_664, Mr/Mrs. John",male,47.0,0,0,A/5 63080,9.37828027077809,,S
665,1,1,"Passenger_665, Mr/Mrs. John",male,,2,3,A/5 40815,128.7975075661431,,S
666,0,3,"Passenger_666, Mr/Mrs. John",male,21.0,0,0,A/5 39565,130.42300751392878,,C
667,0,2,"Passenger_667, Mr/Mrs. John",male,23.0,1,0,A/5 73321,82.87871538573019,,C
668,0,3,"Passenger_668, Mr/Mrs. John",male,40.0,0,0,A/5 68453,49.28750173516303,,S
669,0,3,"Passenger_669, Mr/Mrs. John",male,52.0,1,0,A/5 98478,12.61434032384325,,S
670,1,2,"Passenger_670, Mr/Mrs. John",female,,0,0,A/5 43161,54.34469658264838,,S
671,1,1,"Passenger_671, Mr/Mrs. John",male,61.0,0,2,A/5 65991,16.81885114582043,,S
672,0,3,"Passenger_672, Mr/Mrs. John",male,53.0,1,0,A/5 19716,12.661531402103407,,Q
673,0,2,"Passenger_673, Mr/Mrs. John",male,56.0,2,2,A/5 43349,43.710843748967946,,S
674,0,3,"Passenger_674, Mr/Mrs. John",male,,1,0,A/5 57098,2.6561764493321274,,S
675,0,2,"Passenger_675, Mr/Mrs. John",male,69.0,1,0,A/5 10132,1.593008475380135,E132,S
676,1,3,"Passenger_676, Mr/Mrs. John",male,,1,2,A/5 61990,19.011947337753316,,Q
677,1,1,"Passenger_677, Mr/Mrs. John",male,65.0,0,0,A/5 78921,18.878042259475624,,C
678,1,3,"Passenger_678, Mr/Mrs. John",male,51.0,0,2,A/5 46538,72.3183556818478,,S
679,0,3,"Passenger_679, Mr/Mrs. John",female,76.0,0,0,A/5 17213,4.315202753522023,,S
680,0,3,"Passenger_680, Mr/Mrs. John",female,77.0,0,2,A/5 54223,4.210306801543843,A52,S
681,1,1,"Passenger_681, Mr/Mrs. John",male,63.0,0,0,A/5 78371,5.104847064133454,,S
682,1,3,"Passenger_682, Mr/Mrs. John",male,54.0,0,0,A/5 78274,0.965995163809162,,C
683,0,3,"Passenger_683, Mr/Mrs. John",male,73.0,0,0,A/5 14134,2.381904394872303,,S
684,1,1,"Passenger_684, Mr/Mrs. John",male,,1,0,A/5 49601,34.50966367934382,,S
685,0,1,"Passenger_685, Mr/Mrs. John",male,56.0,0,0,A/5 83889,18.07687401513605,,C
686,0,1,"Passenger_686, Mr/Mrs. John",male,31.0,0,0,A/5 25690,46.151774965757845,,S
687,0,3,"Passenger_687, Mr/Mrs. John",male,,0,0,A/5 11909,156.99094484835135,,S
688,0,3,"Passenger_688, Mr/Mrs. John",male,55.0,1,0,A/5 90032,34.431184351151245,C18,S
689,1,3,"Passenger_689, Mr/Mrs. John",male,1.0,1,1,A/5 22062,1.656734637717085,,S
690,1,1,"Passenger_690, Mr/Mrs. John",female,63.0,0,0,A/5 85386,3.5341843416402186,,S
691,1,2,"Passenger_691, Mr/Mrs. John",female,42.0,0,0,A/5 44731,68.11731560428095,A159,Q
692,0,3,"Passenger_692, Mr/Mrs. John",female,22.0,0,0,A/5 15153,23.99068637247023,,S
693,0,3,"Passenger_693, Mr/Mrs. John",male,8.0,0,0,A/5 20481,55.745255039463856,,S
694,0,3,"Passenger_694, Mr/Mrs. John",female,,0,0,A/5 76425,62.150508198087934,,S
695,1,1,"Passenger_695, Mr/Mrs. John",male,,0,0,A/5 73600,84.05053083818744,,S
696,1,3,"Passenger_696, Mr/Mrs. John",female,13.0,0,2,A/5 94981,95.75431053384138,G109,Q
697,0,2,"Passenger_697, Mr/Mrs. John",male,,0,1,A/5 81997,25.897267356410083,C83,Q
698,1,2,"Passenger_698, Mr/Mrs. John",female,78.0,2,0,A/5 38205,13.345995371258594,,S
699,0,3,"Passenger_699, Mr/Mrs. John",male,35.0,2,0,A/5 98887,104.53182363025299,,C
700,0,3,"Passenger_700, Mr/Mrs. John",female,72.0,0,0,A/5 91542,25.368342389239793,,S
701,0,3,"Passenger_701, Mr/Mrs. John",female,54.0,0,0,A/5 54149,2.125114947795059,,S
702,0,1,"Passenger_702, Mr/Mrs. John",male,13.0,0,0,A/5 59112,32.94060104979618,,S
703,0,1,"Passenger_703, Mr/Mrs. John",male,35.0,0,0,A/5 20940,28.350945704991137,,S
704,0,3,"Passenger_704, Mr/Mrs. John",female,,2,0,A/5 69010,72.36399211771425,,S
705,1,3,"Passenger_705, Mr/Mrs. John",male,58.0,0,0,A/5 86794,33.887043027625744,,C
706,1,2,"Passenger_706, Mr/Mrs. John",female,34.0,1,0,A/5 34485,13.73843741257661,,S
707,1,1,"Passenger_707, Mr/Mrs. John",male,,0,2,A/5 99299,108.41778821905541,,S
708,1,1,"Passenger_708, Mr/Mrs. John",male,20.0,3,0,A/5 11067,51.76218574688275,,S
709,1,3,"Passenger_709, Mr/Mrs. John",male,59.0,0,1,A/5 30607,31.852211492208674,,C
710,0,1,"Passenger_710, Mr/Mrs. John",male,18.0,1,4,A/5 71597,11.091802378992522,G37,S
711,0,2,"Passenger_711, Mr/Mrs. John",female,14.0,0,0,A/5 84554,14.965466446403987,,S
712,0,1,"Passenger_712, Mr/Mrs. John",male,7.0,0,0,A/5 58521,35.474287666351564,,S
713,0,2,"Passenger_713, Mr/Mrs. John",male,15.0,0,0,A/5 25187,2.390492052806445,,S
714,1,1,"Passenger_714, Mr/Mrs. John",male,35.0,0,3,A/5 13985,9.492141969066866,,C
715,0,3,"Passenger_715, Mr/Mrs. John",male,,2,3,A/5 53052,40.0453485252843,,C
716,1,1,"Passenger_716, Mr/Mrs. John",female,35.0,2,0,A/5 29563,20.926786044648054,,S
717,0,3,"Passenger_717, Mr/Mrs. John",female,48.0,1,0,A/5 57322,16.4743320588382,,S
718,0,1,"Passenger_718, Mr/Mrs. John",male,,0,1,A/5 71245,5.255528045401586,D8,S
719,0,3,"Passenger_719, Mr/Mrs. John",female,17.0,1,0,A/5 61514,18.660025781160467,,S
720,0,3,"Passenger_720, Mr/Mrs. John",female,50.0,0,1,A/5 28608,47.12605034949903,,C
721,0,3,"Passenger_721, Mr/Mrs. John",male,,0,2,A/5 77262,9.809363657843535,E142,S
722,0,3,"Passenger_722, Mr/Mrs. John",female,13.0,0,0,A/5 81327,0.17322134308165157,,C
723,0,2,"Passenger_723, Mr/Mrs. John",male,14.0,0,0,A/5 67225,35.33255213551023,,S
724,1,2,"Passenger_724, Mr/Mrs. John",male,79.0,0,0,A/5 83994,115.14187846308427,,S
725,1,3,"Passenger_725, Mr/Mrs. John",female,68.0,0,0,A/5 27221,29.87214241405783,,S
726,0,3,"Passenger_726, Mr/Mrs. John",male,16.0,0,0,A/5 58506,4.087826520907533,,S
727,0,3,"Passenger_727, Mr/Mrs. John",female,,1,1,A/5 30968,12.375716458637847,,Q
728,0,3,"Passenger_728, Mr/Mrs. John",female,28.0,0,2,A/5 92606,64.7117438547474,A182,S
729,0,3,"Passenger_729, Mr/Mrs. John",male,66.0,0,2,A/5 37937,8.470575985747805,,S
730,0,3,"Passenger_730, Mr/Mrs. John",female,8.0,0,0,A/5 72435,29.942975473647337,D131,S
731,0,1,"Passenger_731, Mr/Mrs. John",male,43.0,0,1,A/5 59508,16.489202471938103,,S
732,0,3,"Passenger_732, Mr/Mrs. John",male,45.0,0,0,A/5 51831,7.455890726182043,,S
733,0,3,"Passenger_733, Mr/Mrs. John",male,71.0,0,0,A/5 52933,53.722397896192554,,S
734,1,1,"Passenger_734, Mr/Mrs. John",female,57.0,0,0,A/5 57307,43.45673272607573,C45,S
735,0,3,"Passenger_735, Mr/Mrs. John",male,30.0,1,0,A/5 58340,34.67200802460706,,S
736,1,1,"Passenger_736, Mr/Mrs. John",male,18.0,0,2,A/5 96338,8.628100802274588,,S
737,0,3,"Passenger_737, Mr/Mrs. John",female,,1,0,A/5 53601,3.2954316131472634,F174,S
738,1,1,"Passenger_738, Mr/Mrs. John",female,39.0,0,0,A/5 85956,27.468725512442035,,S
739,0,3,"Passenger_739, Mr/Mrs. John",female,43.0,0,0,A/5 82178,25.814855724943047,,Q
740,0,3,"Passenger_740, Mr/Mrs. John",male,23.0,1,0,A/5 95311,6.679334422144874,,S
741,0,2,"Passenger_741, Mr/Mrs. John",male,6.0,0,0,A/5 38754,1.8524952228043858,,S
742,1,3,"Passenger_742, Mr/Mrs. John",male,4.0,0,0,A/5 53310,2.6928628637829717,,S
743,0,3,"Passenger_743, Mr/Mrs. John",female,6.0,1,0,A/5 79893,157.74888637596763,,S
744,1,3,"Passenger_744, Mr/Mrs. John",male,18.0,0,0,A/5 96799,48.977673959198846,,S
745,1,1,"Passenger_745, Mr/Mrs. John",male,73.0,1,1,A/5 58367,81.62834882024268,,S
746,1,2,"Passenger_746, Mr/Mrs. John",female,6.0,0,0,A/5 23201,6.943391417841559,,S
747,0,1,"Passenger_747, Mr/Mrs. John",male,63.0,1,0,A/5 12739,103.46211874863377,,S
748,0,3,"Passenger_748, Mr/Mrs. John",female,11.0,0,0,A/5 23231,4.925251771592604,A144,S
749,0,3,"Passenger_749, Mr/Mrs. John",female,4.0,0,0,A/5 52495,22.767290305107842,,S
750,0,3,"Passenger_750, Mr/Mrs. John",female,41.0,0,0,A/5 31168,56.64538721830781,,S
751,0,3,"Passenger_751, Mr/Mrs. John",male,32.0,0,0,A/5 42624,13.77537377040768,,Q
752,0,3,"Passenger_752, Mr/Mrs. John",male,70.0,0,2,A/5 20635,17.698786542973025,,S
753,0,3,"Passenger_753, Mr/Mrs. John",female,65.0,0,0,A/5 19964,4.389701121963536,,C
754,1,1,"Passenger_754, Mr/Mrs. John",female,11.0,0,1,A/5 37785,4.197094853729348,,C
755,0,3,"Passenger_755, Mr/Mrs. John",female,3.0,0,5,A/5 92797,30.92634946314717,,S
756,1,1,"Passenger_756, Mr/Mrs. John",male,76.0,0,0,A/5 94790,36.01822390488405,,S
757,0,3,"Passenger_757, Mr/Mrs. John",female,18.0,2,0,A/5 86928,48.06642287516104,,S
758,0,3,"Passenger_758, Mr/Mrs. John",female,,0,0,A/5 22336,26.03097767468411,,S
759,1,3,"Passenger_759, Mr/Mrs. John",female,23.0,0,2,A/5 87475,33.20891620980885,A44,S
760,0,1,"Passenger_760, Mr/Mrs. John",female,,0,2,A/5 37412,0.4355027753998337,,S
761,0,2,"Passenger_761, Mr/Mrs. John",female,69.0,0,0,A/5 92212,5.6621097895506605,,C
762,0,2,"Passenger_762, Mr/Mrs. John",male,30.0,2,1,A/5 85379,134.2092446564455,C93,S
763,0,2,"Passenger_763, Mr/Mrs. John",male,25.0,0,0,A/5 55591,2.5291577461897248,,S
764,1,1,"Passenger_764, Mr/Mrs. John",male,58.0,2,3,A/5 71750,36.34094814879337,,S
765,0,3,"Passenger_765, Mr/Mrs. John",male,41.0,0,2,A/5 45454,6.197921181017694,,S
766,0,3,"Passenger_766, Mr/Mrs. John",male,,1,0,A/5 72672,40.36206332297254,E45,S
767,1,2,"Passenger_767, Mr/Mrs. John",male,,0,0,A/5 37228,39.1725718140739,,S
768,1,2,"Passenger_768, Mr/Mrs. John",male,10.0,1,0,A/5 24429,8.538656390030184,,S
769,0,2,"Passenger_769, Mr/Mrs. John",male,11.0,0,0,A/5 94294,10.054721511113089,,S
770,0,3,"Passenger_770, Mr/Mrs. John",male,45.0,0,1,A/5 77808,34.03348750219458,,S
771,1,3,"Passenger_771, Mr/Mrs. John",female,64.0,0,0,A/5 92886,15.821996126193511,,S
772,0,3,"Passenger_772, Mr/Mrs. John",female,2.0,0,0,A/5 63015,6.923252186832529,E122,C
773,0,3,"Passenger_773, Mr/Mrs. John",male,42.0,2,0,A/5 98074,42.098351540228016,D61,S
774,0,3,"Passenger_774, Mr/Mrs. John",female,75.0,0,3,A/5 78936,5.357130023353187,E126,S
775,0,3,"Passenger_775, Mr/Mrs. John",male,18.0,0,0,A/5 90907,61.935055408822585,D162,S
776,1,1,"Passenger_776, Mr/Mrs. John",male,59.0,1,0,A/5 67378,23.133607244171888,,S
777,0,3,"Passenger_777, Mr/Mrs. John",male,6.0,0,0,A/5 47310,3.574869276282769,,S
778,0,1,"Passenger_778, Mr/Mrs. John",male,47.0,2,3,A/5 93683,37.90101084995401,A3,C
779,0,3,"Passenger_779, Mr/Mrs. John",female,42.0,1,1,A/5 78827,23.4312648304192,,S
780,1,2,"Passenger_780, Mr/Mrs. John",female,77.0,0,0,A/5 45256,11.324924461540403,,S
781,1,3,"Passenger_781, Mr/Mrs. John",male,2.0,1,0,A/5 86428,17.57168095280349,,S
782,1,3,"Passenger_782, Mr/Mrs. John",male,,0,0,A/5 48889,11.337699422444116,,S
783,0,3,"Passenger_783, Mr/Mrs. John",male,79.0,0,0,A/5 61428,9.766478166053869,C6,C
784,1,3,"Passenger_784, Mr/Mrs. John",male,7.0,0,0,A/5 47207,5.717068142102208,E60,C
785,0,2,"Passenger_785, Mr/Mrs. John",male,,0,2,A/5 60255,14.419843908501282,,S
786,0,1,"Passenger_786, Mr/Mrs. John",male,63.0,1,0,A/5 15409,9.247974866907658,,S
787,0,2,"Passenger_787, Mr/Mrs. John",female,,2,1,A/5 52438,36.80720214038491,B139,C
788,0,1,"Passenger_788, Mr/Mrs. John",female,43.0,0,0,A/5 17869,36.85193861884506,,S
789,0,3,"Passenger_789, Mr/Mrs. John",male,36.0,0,0,A/5 66862,22.298702570276454,,S
790,0,2,"Passenger_790, Mr/Mrs. John",female,69.0,2,0,A/5 97937,48.154497666045295,,S
791,1,3,"Passenger_791, Mr/Mrs. John",male,,0,0,A/5 35958,58.911678722084815,,S
792,0,3,"Passenger_792, Mr/Mrs. John",male,,0,0,A/5 86302,27.742229392556485,,C
793,0,3,"Passenger_793, Mr/Mrs. John",male,,0,0,A/5 29768,30.87314373951624,,S
794,0,1,"Passenger_794, Mr/Mrs. John",male,30.0,1,0,A/5 36145,10.640650540932892,,S
795,1,3,"Passenger_795, Mr/Mrs. John",female,14.0,0,0,A/5 85622,72.08159988825759,,S
796,1,3,"Passenger_796, Mr/Mrs. John",male,52.0,1,0,A/5 36442,0.7841224302331138,,S
797,0,3,"Passenger_797, Mr/Mrs. John",male,37.0,1,5,A/5 91948,13.71632566799509,,S
798,1,3,"Passenger_798, Mr/Mrs. John",male,15.0,0,0,A/5 35596,40.94132847264654,F199,S
799,0,3,"Passenger_799, Mr/Mrs. John",male,46.0,0,1,A/5 85791,2.671325017381158,,S
800,1,1,"Passenger_800, Mr/Mrs. John",female,77.0,1,0,A/5 52406,6.474358578094411,A4,S
801,1,3,"Passenger_801, Mr/Mrs. John",male,64.0,0,1,A/5 50524,28.475440251628058,,S
802,0,2,"Passenger_802, Mr/Mrs. John",male,55.0,1,0,A/5 33332,26.270917412348698,,C
803,1,1,"Passenger_803, Mr/Mrs. John",male,,2,1,A/5 25764,42.9747258215206,,S
804,0,2,"Passenger_804, Mr/Mrs. John",male,,0,0,A/5 37563,53.58647538857318,C177,S
805,1,1,"Passenger_805, Mr/Mrs. John",male,36.0,1,0,A/5 97675,4.404183369927091,,Q
806,0,1,"Passenger_806, Mr/Mrs. John",female,16.0,1,0,A/5 46370,0.5936646145064207,,Q
807,1,1,"Passenger_807, Mr/Mrs. John",male,,1,0,A/5 15062,37.44056304681544,D61,Q
808,0,3,"Passenger_808, Mr/Mrs. John",female,30.0,0,0,A/5 54645,11.477286491422342,,S
809,0,3,"Passenger_809, Mr/Mrs. John",female,34.0,0,0,A/5 17244,31.470607090495534,,S
810,0,3,"Passenger_810, Mr/Mrs. John",female,,0,0,A/5 16372,5.22111445332509,,S
811,1,2,"Passenger_811, Mr/Mrs. John",male,22.0,0,1,A/5 95501,20.258197697096364,,S
812,1,2,"Passenger_812, Mr/Mrs. John",male,36.0,0,0,A/5 74471,22.46515398393783,,Q
813,0,3,"Passenger_813, Mr/Mrs. John",male,,1,0,A/5 26956,28.14925714133,C7,Q
814,1,2,"Passenger_814, Mr/Mrs. John",female,,0,0,A/5 50473,23.034890443545727,,S
815,1,1,"Passenger_815, Mr/Mrs. John",male,79.0,0,0,A/5 23894,21.906100733529822,,C
816,0,3,"Passenger_816, Mr/Mrs. John",male,9.0,0,0,A/5 79586,12.946135767519548,,C
817,1,1,"Passenger_817, Mr/Mrs. John",male,50.0,1,0,A/5 26709,2.3628982431215,,S
818,0,3,"Passenger_818, Mr/Mrs. John",male,20.0,0,2,A/5 91258,3.0010739889529954,G93,S
819,0,3,"Passenger_819, Mr/Mrs. John",male,75.0,0,1,A/5 25210,18.200625157102035,F49,S
820,0,1,"Passenger_820, Mr/Mrs. John",male,58.0,0,1,A/5 59510,14.07153197982391,,S
821,0,1,"Passenger_821, Mr/Mrs. John",female,,1,0,A/5 48674,23.230365859671167,,S
822,1,3,"Passenger_822, Mr/Mrs. John",male,77.0,0,1,A/5 27733,11.635539537014838,,S
823,0,3,"Passenger_823, Mr/Mrs. John",male,7.0,0,0,A/5 30080,37.26284685672879,G196,S
824,0,1,"Passenger_824, Mr/Mrs. John",male,,2,0,A/5 63412,63.832584233689424,,Q
825,0,3,"Passenger_825, Mr/Mrs. John",male,,1,0,A/5 68971,11.361671846655408,,S
826,1,1,"Passenger_826, Mr/Mrs. John",male,35.0,2,0,A/5 49709,6.8611774153047715,G181,C
827,0,3,"Passenger_827, Mr/Mrs. John",female,61.0,0,0,A/5 69846,3.952080215313714,,S
828,0,3,"Passenger_828, Mr/Mrs. John",male,53.0,0,0,A/5 75480,30.648784297949373,,C
829,1,1,"Passenger_829, Mr/Mrs. John",female,59.0,1,0,A/5 62960,18.77529630491342,,S
830,1,1,"Passenger_830, Mr/Mrs. John",male,2.0,0,0,A/5 51152,6.664777445147426,D197,C
831,1,1,"Passenger_831, Mr/Mrs. John",male,17.0,1,0,A/5 37250,33.88238786431328,,S
832,1,2,"Passenger_832, Mr/Mrs. John",female,16.0,0,0,A/5 95765,5.143552935277616,D80,S
833,0,1,"Passenger_833, Mr/Mrs. John",male,31.0,0,0,A/5 58137,25.85954504687574,,S
834,0,3,"Passenger_834, Mr/Mrs. John",male,1.0,0,0,A/5 92011,23.967156573760466,G2,S
835,1,1,"Passenger_835, Mr/Mrs. John",male,,0,1,A/5 56412,42.403703441693175,,S
836,0,3,"Passenger_836, Mr/Mrs. John",male,,0,0,A/5 53876,1.8139641382591216,,Q
837,0,3,"Passenger_837, Mr/Mrs. John",female,50.0,0,0,A/5 83664,70.01992043987616,,S
838,0,3,"Passenger_838, Mr/Mrs. John",male,75.0,3,0,A/5 60227,38.8478490392304,,S
839,0,3,"Passenger_839, Mr/Mrs. John",female,65.0,0,0,A/5 42450,7.792223479259488,,S
840,0,2,"Passenger_840, Mr/Mrs. John",female,53.0,0,1,A/5 94433,6.483598399066959,,S
841,0,3,"Passenger_841, Mr/Mrs. John",male,2.0,1,0,A/5 83704,18.0811463867002,B83,S
842,1,3,"Passenger_842, Mr/Mrs. John",female,4.0,0,0,A/5 16861,54.44362048491407,,C
843,0,2,"Passenger_843, Mr/Mrs. John",male,,0,1,A/5 71914,59.2381122979661,G49,S
844,1,1,"Passenger_844, Mr/Mrs. John",female,,1,0,A/5 73888,23.517434200185438,,S
845,0,3,"Passenger_845, Mr/Mrs. John",male,43.0,0,0,A/5 89286,63.1014902614234,B105,S
846,1,2,"Passenger_846, Mr/Mrs. John",female,67.0,1,0,A/5 71293,0.1746745654393744,,S
847,0,1,"Passenger_847, Mr/Mrs. John",male,27.0,1,0,A/5 92524,1.1458610987861326,,S
848,1,2,"Passenger_848, Mr/Mrs. John",male,66.0,3,0,A/5 78515,77.70858149624107,,Q
849,0,2,"Passenger_849, Mr/Mrs. John",male,2.0,0,0,A/5 33524,47.780198718683444,F4,C
850,1,3,"Passenger_850, Mr/Mrs. John",female,30.0,0,5,A/5 17065,19.171890167425307,,S
851,0,3,"Passenger_851, Mr/Mrs. John",male,28.0,0,0,A/5 47684,44.82688531774248,,Q
852,1,3,"Passenger_852, Mr/Mrs. John",male,10.0,0,0,A/5 98720,99.69295943345435,C165,C
853,0,1,"Passenger_853, Mr/Mrs. John",female,40.0,1,0,A/5 43365,47.32167602356706,A118,C
854,1,2,"Passenger_854, Mr/Mrs. John",female,42.0,0,2,A/5 68876,59.12042323465542,,S
855,0,3,"Passenger_855, Mr/Mrs. John",female,22.0,0,1,A/5 33704,45.74870327752675,E159,S
856,1,1,"Passenger_856, Mr/Mrs. John",female,,1,0,A/5 67857,5.8936507910315346,,S
857,1,2,"Passenger_857, Mr/Mrs. John",female,27.0,0,0,A/5 15622,57.382565492056656,,S
858,0,3,"Passenger_858, Mr/Mrs. John",female,34.0,0,0,A/5 93797,6.945542107377038,,S
859,0,1,"Passenger_859, Mr/Mrs. John",male,,0,0,A/5 97700,71.40161848773337,,C
860,1,3,"Passenger_860, Mr/Mrs. John",male,12.0,1,0,A/5 89332,19.63805027062942,,C
861,0,1,"Passenger_861, Mr/Mrs. John",female,76.0,0,0,A/5 76201,36.16099149056775,A74,S
862,1,1,"Passenger_862, Mr/Mrs. John",male,,1,0,A/5 42694,22.004609484127805,,S
863,0,2,"Passenger_863, Mr/Mrs. John",male,48.0,0,2,A/5 99766,3.158590761850226,,S
864,0,3,"Passenger_864, Mr/Mrs. John",male,,1,0,A/5 32995,10.992261166717753,,S
865,0,3,"Passenger_865, Mr/Mrs. John",female,65.0,1,2,A/5 90141,131.7934821158139,,S
866,0,3,"Passenger_866, Mr/Mrs. John",male,36.0,0,0,A/5 92999,103.58099811607927,F72,S
867,1,3,"Passenger_867, Mr/Mrs. John",male,,0,0,A/5 18419,12.364120423841547,,S
868,1,1,"Passenger_868, Mr/Mrs. John",male,31.0,0,0,A/5 57952,179.15389166767193,,S
869,0,3,"Passenger_869, Mr/Mrs. John",male,66.0,1,0,A/5 43837,59.77256319988739,,S
870,0,3,"Passenger_870, Mr/Mrs. John",male,,0,0,A/5 80799,30.210298438822306,,S
871,0,3,"Passenger_871, Mr/Mrs. John",male,28.0,0,0,A/5 58877,1.3104581029935083,D107,S
872,0,1,"Passenger_872, Mr/Mrs. John",male,,0,0,A/5 55687,74.14909039372075,,S
873,0,3,"Passenger_873, Mr/Mrs. John",female,,0,0,A/5 47276,26.084960205841725,,C
874,1,1,"Passenger_874, Mr/Mrs. John",male,78.0,0,1,A/5 44523,64.91414669226366,,S
875,1,2,"Passenger_875, Mr/Mrs. John",female,14.0,0,0,A/5 76055,57.547388714717876,,S
876,0,3,"Passenger_876, Mr/Mrs. John",female,58.0,0,0,A/5 64615,57.273557888989245,,C
877,0,3,"Passenger_877, Mr/Mrs. John",male,70.0,1,0,A/5 20514,38.332932003721865,,Q
878,0,2,"Passenger_878, Mr/Mrs. John",female,36.0,0,2,A/5 57456,11.023534431504881,,S
879,0,2,"Passenger_879, Mr/Mrs. John",male,61.0,0,0,A/5 17233,13.110864341141427,,S
880,1,3,"Passenger_880, Mr/Mrs. John",female,33.0,2,0,A/5 11102,11.803123398765788,,S
881,0,3,"Passenger_881, Mr/Mrs. John",male,20.0,1,0,A/5 76133,0.6479886949661203,,S
882,0,3,"Passenger_882, Mr/Mrs. John",female,67.0,2,0,A/5 56715,27.956345610410654,,S
883,0,3,"Passenger_883, Mr/Mrs. John",male,16.0,0,3,A/5 95193,38.4029624631852,,C
884,0,3,"Passenger_884, Mr/Mrs. John",male,68.0,0,0,A/5 16256,61.543399221625506,,S
885,1,2,"Passenger_885, Mr/Mrs. John",male,78.0,0,0,A/5 74800,4.832488724400362,,C
886,0,3,"Passenger_886, Mr/Mrs. John",female,78.0,1,0,A/5 51548,25.141254164501987,,Q
887,1,2,"Passenger_887, Mr/Mrs. John",female,16.0,0,0,A/5 82090,0.2572920977700546,,S
888,0,2,"Passenger_888, Mr/Mrs. John",male,14.0,0,2,A/5 88200,3.197562200635043,,S
889,0,3,"Passenger_889, Mr/Mrs. John",male,,0,0,A/5 52367,1.7835701141994842,,S
890,1,1,"Passenger_890, Mr/Mrs. John",male,,0,0,A/5 99922,41.367167981843856,,S
891,0,3,"Passenger_891, Mr/Mrs. John",female,17.0,0,0,A/5 80382,2.7050871207024887,,S
